case_id,act_name
1,a
1,h
1,b
1,j
1,f
1,c
1,k
1,l
1,e
1,g
1,r
1,q
1,m
1,u
2,a
2,h
2,b
2,j
2,f
2,c
2,e
2,k
2,l
2,r
2,g
2,q
2,m
2,u
3,a
3,h
3,b
3,c
3,f
3,j
3,k
3,e
3,l
3,g
3,q
3,u
3,r
3,m
4,a
4,h
4,c
4,b
4,j
4,k
4,f
4,e
4,l
4,g
4,q
4,r
4,u
4,m
5,a
5,h
5,f
5,b
5,j
5,e
6,a
6,h
6,b
6,f
6,j
6,e
7,a
7,h
7,f
7,b
7,j
7,e
8,a
8,h
8,f
8,c
8,b
8,j
8,k
8,l
8,e
8,g
8,r
8,q
8,u
8,m
9,a
9,h
9,f
9,b
9,c
9,j
9,k
9,e
9,l
9,g
9,q
9,r
9,m
9,u
10,p
10,s
10,h
10,c
10,k
10,l
10,g
10,r
10,q
10,u
10,m
11,a
11,h
11,f
11,b
11,j
12,a
12,h
12,c
12,k
12,b
12,j
12,f
12,l
12,g
12,e
12,q
12,r
12,u
12,m
13,a
13,h
13,c
13,k
13,l
13,r
13,g
13,q
13,u
13,m
14,p
14,s
14,h
14,c
14,k
14,l
14,r
14,g
14,q
14,u
14,m
15,p
15,s
15,h
15,f
15,b
15,c
15,k
15,j
15,l
15,e
15,g
15,r
15,q
15,u
15,m
16,a
16,h
16,c
16,f
16,k
16,b
16,j
16,l
16,g
16,e
16,r
16,q
16,u
16,m
17,a
17,h
17,c
17,k
17,l
17,r
17,g
17,q
17,u
17,m
18,p
18,s
18,h
18,c
18,f
18,k
18,b
18,l
18,j
18,e
18,g
18,r
18,q
18,u
18,m
19,a
19,h
19,f
19,b
19,j
19,e
20,a
20,h
20,b
20,f
20,j
20,e
21,a
21,h
21,f
21,b
21,c
21,j
21,e
21,k
21,l
21,g
21,q
21,r
21,m
21,u
22,a
22,h
22,c
22,f
22,b
22,j
22,k
22,e
22,l
22,g
22,r
22,q
22,m
22,u
23,a
23,h
23,c
23,k
23,b
23,f
23,l
23,r
23,j
23,e
23,g
23,q
23,u
23,m
24,a
24,h
24,f
24,b
24,j
24,e
25,a
25,h
25,c
25,f
25,b
25,j
25,e
25,l
25,g
25,r
25,q
25,m
25,u
26,a
26,h
26,b
26,j
26,f
26,e
27,a
27,h
27,f
27,b
27,j
27,e
28,a
28,h
28,c
28,k
28,l
28,g
28,r
28,q
28,m
28,u
29,a
29,h
29,c
29,k
29,b
29,f
29,j
29,l
29,g
29,d
29,e
29,q
29,m
29,u
30,p
30,s
30,h
30,b
30,f
30,c
30,j
30,e
30,k
30,l
30,g
30,q
30,r
30,u
30,m
31,a
31,h
31,f
31,b
31,c
31,j
31,e
31,k
31,l
31,g
31,r
31,q
31,m
31,u
32,a
32,h
32,f
32,c
32,b
32,k
32,j
32,e
32,l
32,g
32,r
32,q
32,u
32,m
33,a
33,h
33,f
33,b
33,c
33,j
33,e
33,k
33,l
33,g
33,q
33,u
33,r
33,m
34,a
34,h
34,c
34,k
34,b
34,f
34,j
34,l
34,r
34,e
34,g
34,q
34,u
34,m
35,a
35,h
35,c
35,k
35,l
35,g
35,q
35,m
35,r
35,u
36,a
36,h
36,f
36,b
36,j
36,e
37,a
37,h
37,f
37,b
37,j
37,e
38,p
38,s
38,h
38,b
38,j
38,f
38,e
38,c
38,k
38,l
38,r
38,g
38,q
38,m
38,u
39,a
39,h
39,b
39,c
39,j
39,k
39,f
39,l
39,r
39,g
39,q
39,m
39,u
40,a
40,h
40,f
40,c
40,b
40,k
40,l
40,r
40,j
40,g
40,e
40,q
40,u
40,m
41,a
41,h
41,c
41,f
41,b
41,k
41,l
41,j
41,r
41,g
41,e
41,q
41,m
41,u
42,a
42,h
42,c
42,f
42,b
42,n
42,j
42,i
42,t
42,r
42,e
42,g
42,q
42,m
42,u
43,a
43,h
43,c
43,b
43,f
43,j
43,k
43,e
43,l
43,r
43,g
43,q
43,u
43,m
44,a
44,h
44,c
44,b
44,f
44,j
44,l
44,e
44,r
44,g
44,q
44,u
44,m
45,a
45,h
45,c
45,k
45,l
45,r
45,g
45,q
45,u
45,m
46,a
46,h
46,c
46,l
46,r
46,g
46,q
46,u
46,m
47,a
47,h
47,f
47,c
47,k
47,b
47,j
47,l
47,g
47,e
47,q
47,m
47,r
47,u
48,a
48,h
48,f
48,b
48,j
48,e
49,a
49,h
49,c
49,k
49,l
49,g
49,r
49,q
49,m
49,u
50,a
50,h
50,c
50,b
50,k
50,j
50,f
50,l
50,g
50,e
50,q
50,r
50,u
50,m
51,a
51,h
51,b
51,c
51,k
51,f
51,l
51,g
51,j
51,q
51,r
51,m
51,e
51,u
52,a
52,h
52,c
52,k
52,l
52,r
52,g
52,q
52,m
52,u
53,a
53,h
53,c
53,k
53,l
53,r
53,g
53,q
53,u
53,m
54,a
54,h
54,f
54,b
54,j
54,e
55,p
55,s
55,h
55,c
55,i
55,n
55,t
55,g
55,d
55,q
55,m
55,u
56,a
56,h
56,f
56,b
56,c
56,n
56,j
56,i
56,t
56,e
56,g
56,q
56,m
56,r
56,u
57,a
57,h
57,f
57,c
57,k
57,b
57,j
57,l
57,g
57,e
57,d
57,q
57,u
57,m
58,a
58,h
58,c
58,i
58,n
58,t
58,g
58,r
58,q
58,u
58,m
59,a
59,h
59,f
59,b
59,j
59,e
60,a
60,h
60,c
60,b
60,f
60,k
60,j
60,l
60,e
60,g
60,q
60,m
60,r
60,u
61,a
61,h
61,f
61,b
61,c
61,j
61,k
61,e
61,l
61,r
61,g
61,q
61,u
61,m
62,a
62,h
62,c
62,k
62,l
62,g
62,d
62,q
62,m
62,u
63,a
63,h
63,b
63,f
63,j
63,e
63,c
63,i
63,n
63,t
63,g
63,r
63,q
63,u
63,m
64,a
64,h
64,b
64,f
64,c
64,k
64,j
64,l
64,e
64,r
64,g
64,q
64,u
64,m
65,a
65,h
65,c
65,b
65,f
65,k
65,l
65,j
65,e
65,g
65,r
65,q
65,m
65,u
66,a
66,h
66,c
66,b
66,f
66,j
66,k
66,l
66,e
66,g
66,r
66,q
66,m
66,u
67,a
67,h
67,b
67,j
67,f
67,e
68,p
68,s
68,h
68,f
68,c
68,b
68,k
68,j
68,l
68,g
68,r
68,q
68,m
68,u
69,a
69,h
69,c
69,k
69,l
69,g
69,q
69,r
69,u
69,m
70,a
70,h
70,b
70,f
70,j
70,e
71,p
71,s
71,h
71,c
71,k
71,l
71,g
71,d
71,q
71,m
71,u
72,a
72,h
72,c
72,k
72,f
72,l
72,b
72,j
72,e
72,g
72,r
72,q
72,u
72,m
73,a
73,h
73,b
73,j
73,f
73,c
73,e
73,k
73,l
73,r
73,g
73,q
73,m
73,u
74,a
74,h
74,f
74,c
74,b
74,k
74,j
74,l
74,e
74,r
74,g
74,q
74,u
74,m
75,a
75,h
75,f
75,b
75,j
75,e
76,a
76,h
76,f
76,b
76,j
76,e
77,a
77,h
77,f
77,b
77,j
77,e
78,a
78,h
78,f
78,b
78,c
78,j
78,e
78,l
78,g
78,q
78,m
78,r
78,u
79,a
79,h
79,f
79,c
79,b
79,j
79,l
79,e
79,g
79,r
79,q
79,m
79,u
80,a
80,h
80,f
80,b
80,c
80,j
80,l
80,g
80,q
80,e
80,r
80,u
80,m
81,a
81,h
81,c
81,k
81,l
81,r
81,g
81,q
81,m
81,u
82,a
82,h
82,c
82,l
82,r
82,g
82,q
82,m
82,u
83,a
83,h
83,b
83,j
83,f
83,c
83,i
83,t
83,n
83,g
83,r
83,q
83,u
83,m
84,a
84,h
84,b
84,c
84,f
84,j
84,k
84,e
84,l
84,r
84,g
84,q
84,m
84,u
85,a
85,h
85,c
85,b
85,f
85,j
85,e
85,k
85,l
85,r
85,g
85,q
85,m
85,u
86,p
86,s
86,h
86,c
86,k
86,l
86,g
86,r
86,q
86,m
86,u
87,a
87,h
87,f
87,b
87,j
87,e
88,a
88,h
88,b
88,c
88,k
88,j
88,f
88,l
88,e
88,g
88,d
88,q
88,u
88,m
89,a
89,h
89,f
89,b
89,j
89,e
90,p
90,s
90,h
90,c
90,k
90,l
90,r
90,g
90,q
90,u
90,m
91,a
91,h
91,c
91,k
91,l
91,g
91,q
91,m
91,r
91,u
92,a
92,h
92,c
92,k
92,l
92,r
92,g
92,q
92,u
92,m
93,a
93,h
93,c
93,f
93,b
93,k
93,l
93,g
93,j
93,e
93,q
93,r
93,m
93,u
94,a
94,h
94,b
94,j
94,f
94,c
94,e
94,k
94,l
94,r
94,g
94,q
94,u
94,m
95,a
95,h
95,f
95,b
95,j
95,e
96,a
96,h
96,c
96,b
96,k
96,j
96,f
96,l
96,g
96,e
96,r
96,q
96,m
96,u
97,a
97,h
97,b
97,c
97,j
97,f
97,e
97,l
97,g
97,r
97,q
97,u
97,m
98,a
98,h
98,b
98,j
98,c
98,f
98,k
98,l
98,e
98,r
98,g
98,q
98,u
98,m
99,a
99,h
99,f
99,c
99,b
99,k
99,l
99,r
99,j
99,g
99,e
99,q
99,u
99,m
100,a
100,h
100,c
100,b
100,k
100,f
100,l
100,j
100,e
100,g
100,r
100,q
100,u
100,m
101,a
101,h
101,f
101,b
101,j
101,e
102,a
102,h
102,f
102,b
102,c
102,j
102,k
102,e
102,l
102,g
102,r
102,q
102,u
102,m
103,a
103,h
103,c
103,i
103,f
103,t
103,n
103,b
103,g
103,r
103,j
103,e
103,q
103,m
103,u
104,a
104,h
104,f
104,b
104,j
104,e
105,a
105,h
105,c
105,k
105,l
105,g
105,r
105,q
105,m
105,u
106,a
106,h
106,b
106,f
106,j
106,e
107,a
107,h
107,c
107,b
107,f
107,j
107,k
107,e
107,l
107,d
107,g
107,q
107,m
107,u
108,a
108,h
108,c
108,k
108,l
108,g
108,r
108,q
108,u
108,m
109,a
109,h
109,f
109,b
109,j
109,e
110,a
110,h
110,f
110,b
110,c
110,j
110,k
110,e
110,l
110,r
110,g
110,q
110,m
110,u
111,a
111,h
111,b
111,j
111,f
111,e
112,a
112,h
112,f
112,b
112,c
112,k
112,j
112,l
112,e
112,g
112,r
112,q
112,u
112,m
113,a
113,h
113,c
113,k
113,l
113,r
113,g
113,q
113,m
113,u
114,a
114,h
114,c
114,b
114,k
114,f
114,l
114,g
114,r
114,q
114,j
114,m
114,e
114,u
115,a
115,h
115,c
115,n
115,i
115,t
115,r
115,g
115,q
115,u
115,m
116,a
116,h
116,c
116,k
116,l
116,g
116,r
116,q
116,u
116,m
117,a
117,h
117,b
117,j
117,f
117,e
118,a
118,h
118,b
118,j
118,f
118,c
118,k
118,e
118,l
118,g
118,q
118,r
118,u
118,m
119,p
119,s
119,h
119,c
119,k
119,f
119,l
119,b
119,j
119,d
119,e
119,g
119,q
119,m
119,u
120,a
120,h
120,b
120,f
120,j
120,e
121,a
121,h
121,b
121,f
121,j
122,a
122,h
122,b
122,c
122,f
122,k
122,j
122,l
122,g
122,q
122,d
122,e
122,u
122,m
123,a
123,h
123,b
123,j
123,f
123,e
124,a
124,h
124,c
124,k
124,l
124,d
124,g
124,q
124,m
124,u
125,a
125,h
125,b
125,j
125,f
125,e
126,a
126,h
126,c
126,k
126,l
126,g
126,r
126,q
126,u
126,m
127,a
127,h
127,c
127,k
127,l
127,g
127,r
127,q
127,m
127,u
128,a
128,h
128,f
128,b
128,c
128,k
128,j
128,l
128,r
128,g
128,q
128,u
128,m
129,p
129,s
129,h
129,c
129,n
129,i
129,b
129,j
129,f
129,t
129,e
129,r
129,g
129,q
129,u
129,m
130,a
130,h
130,c
130,k
130,l
130,g
130,r
130,q
130,m
130,u
131,a
131,h
131,c
131,b
131,k
131,j
131,l
131,g
131,f
131,q
131,r
131,m
131,e
131,u
132,p
132,s
132,h
132,c
132,k
132,l
132,g
132,q
132,m
132,r
132,u
133,a
133,h
133,f
133,b
133,j
133,e
134,p
134,s
134,h
134,c
134,k
134,l
134,r
134,g
134,q
134,m
134,u
135,a
135,h
135,b
135,f
135,c
135,j
135,e
135,k
135,l
135,r
135,g
135,q
135,m
135,u
136,a
136,h
136,c
136,k
136,l
136,r
136,g
136,q
136,u
136,m
137,a
137,h
137,f
137,c
137,b
137,k
137,l
137,g
137,q
137,u
137,j
137,r
137,m
137,e
138,a
138,h
138,b
138,j
138,f
139,a
139,h
139,f
139,b
139,j
139,e
140,p
140,s
140,h
140,f
140,b
140,j
140,e
140,c
140,l
140,r
140,g
140,q
140,m
140,u
141,a
141,h
141,b
141,f
141,j
142,a
142,h
142,f
142,c
142,b
142,k
142,j
142,l
142,r
142,g
142,q
142,m
142,u
143,a
143,h
143,b
143,f
143,j
143,e
144,a
144,h
144,f
144,b
144,j
144,e
145,a
145,h
145,c
145,k
145,l
145,g
145,q
145,r
145,m
145,u
146,a
146,h
146,f
146,b
146,j
147,a
147,h
147,b
147,f
147,j
147,e
148,a
148,h
148,f
148,c
148,b
148,l
148,g
148,q
148,r
148,j
148,u
148,m
148,e
149,a
149,h
149,c
149,k
149,l
149,r
149,g
149,q
149,u
149,m
150,a
150,h
150,b
150,c
150,f
150,j
150,k
150,e
150,l
150,r
150,g
150,q
150,u
150,m
151,a
151,h
151,f
151,b
151,j
151,e
152,a
152,h
152,c
152,k
152,l
152,g
152,r
152,q
152,u
152,m
153,a
153,h
153,c
153,k
153,f
153,b
153,l
153,j
153,r
153,g
153,e
153,q
153,u
153,m
154,p
154,s
154,h
154,c
154,l
154,r
154,g
154,q
154,m
154,u
155,a
155,h
155,c
155,k
155,l
155,r
155,g
155,q
155,u
155,m
156,a
156,h
156,c
156,k
156,l
156,r
156,g
156,q
156,u
156,m
157,a
157,h
157,c
157,n
157,f
157,b
157,j
157,i
157,e
157,t
157,g
157,q
157,m
157,r
157,u
158,a
158,h
158,c
158,f
158,k
158,b
158,j
158,l
158,g
158,r
158,e
158,q
158,u
158,m
159,a
159,h
159,b
159,c
159,k
159,j
159,f
159,l
159,g
159,r
159,q
159,e
159,m
159,u
160,p
160,s
160,h
160,c
160,b
160,j
160,f
160,k
160,l
160,e
160,g
160,r
160,q
160,u
160,m
161,a
161,h
161,c
161,b
161,f
161,j
161,e
161,k
161,l
161,g
161,q
161,r
161,m
161,u
162,a
162,h
162,b
162,f
162,c
162,j
162,k
162,e
162,l
162,r
162,g
162,q
162,m
162,u
163,a
163,h
163,f
163,b
163,j
163,c
163,e
163,k
163,l
163,g
163,q
163,u
163,m
163,r
164,a
164,h
164,f
164,b
164,j
164,c
164,e
164,k
164,l
164,r
164,g
164,q
164,u
164,m
165,a
165,h
165,b
165,c
165,f
165,j
165,e
165,k
165,l
165,r
165,g
165,q
165,u
165,m
166,a
166,h
166,b
166,f
166,j
166,e
167,a
167,h
167,c
167,k
167,l
167,g
167,q
167,r
167,u
167,m
168,a
168,h
168,c
168,b
168,f
168,j
168,l
168,g
168,e
168,r
168,q
168,m
168,u
169,a
169,h
169,c
169,b
169,j
169,f
169,e
169,k
169,l
169,g
169,q
169,m
169,r
169,u
170,a
170,h
170,c
170,b
170,f
170,j
170,l
170,g
170,q
170,e
170,r
170,m
170,u
171,a
171,h
171,c
171,f
171,b
171,j
171,l
171,e
171,g
171,r
171,q
171,m
171,u
172,a
172,h
172,c
172,n
172,i
172,t
172,g
172,q
172,r
172,m
172,u
173,a
173,h
173,c
173,b
173,f
173,k
173,l
173,r
173,j
173,e
173,g
173,q
173,u
173,m
174,a
174,h
174,b
174,f
174,j
174,e
175,p
175,s
175,h
175,b
175,j
175,c
175,f
175,e
175,k
175,l
175,r
175,g
175,q
175,m
175,u
176,p
176,s
176,h
176,c
176,k
176,l
176,r
176,g
176,q
176,u
176,m
177,a
177,h
177,f
177,b
177,c
177,k
177,j
177,l
177,e
177,g
177,r
177,q
177,u
177,m
178,a
178,h
178,c
178,k
178,l
178,r
178,g
178,q
178,m
178,u
179,a
179,h
179,f
179,b
179,j
179,e
180,a
180,h
180,f
180,b
180,j
180,c
180,e
180,k
180,l
180,g
180,r
180,q
180,m
180,u
181,a
181,h
181,c
181,f
181,k
181,b
181,l
181,j
181,e
181,r
181,g
181,q
181,m
181,u
182,a
182,h
182,b
182,j
182,c
182,f
182,k
182,e
182,l
182,g
182,r
182,q
182,u
182,m
183,a
183,h
183,f
183,c
183,b
183,j
183,k
183,e
183,l
183,g
183,q
183,r
183,m
183,u
184,a
184,h
184,b
184,f
184,c
184,k
184,j
184,l
184,g
184,e
184,r
184,q
184,u
184,m
185,a
185,h
185,c
185,b
185,f
185,j
185,k
185,e
185,l
185,r
185,g
185,q
185,m
185,u
186,a
186,h
186,b
186,f
186,j
186,e
187,a
187,h
187,b
187,f
187,j
187,e
188,a
188,h
188,f
188,c
188,k
188,b
188,l
188,j
188,r
188,g
188,e
188,q
188,m
188,u
189,p
189,s
189,h
189,c
189,f
189,b
189,k
189,j
189,e
189,l
189,r
189,g
189,q
189,m
189,u
190,p
190,s
190,h
190,f
190,b
190,j
190,e
191,a
191,h
191,c
191,k
191,l
191,b
191,f
191,g
191,r
191,j
191,q
191,e
191,m
191,u
192,a
192,h
192,c
192,k
192,l
192,g
192,q
192,r
192,u
192,m
193,a
193,h
193,b
193,f
193,j
194,p
194,s
194,h
194,f
194,c
194,b
194,j
194,k
194,l
194,e
194,r
194,g
194,q
194,u
194,m
195,a
195,h
195,f
195,b
195,j
196,p
196,s
196,h
196,c
196,k
196,l
196,r
196,g
196,q
196,u
196,m
197,p
197,s
197,h
197,f
197,b
197,c
197,k
197,l
197,r
197,j
197,e
197,g
197,q
197,m
197,u
198,a
198,h
198,c
198,k
198,b
198,f
198,j
198,l
198,r
198,e
198,g
198,q
198,m
198,u
199,a
199,h
199,f
199,b
199,j
199,e
200,p
200,s
200,h
200,b
200,f
200,c
200,j
200,k
200,e
200,l
200,g
200,d
200,q
200,u
200,m
201,p
201,s
201,h
201,c
201,k
201,l
201,r
201,g
201,q
201,m
201,u
202,a
202,h
202,c
202,k
202,l
202,g
202,r
202,q
202,m
202,u
203,a
203,h
203,c
203,k
203,l
203,r
203,g
203,q
203,m
203,u
204,a
204,h
204,b
204,j
204,c
204,k
204,f
204,l
204,r
204,e
204,g
204,q
204,m
204,u
205,p
205,s
205,h
205,b
205,f
205,c
205,i
205,j
205,t
205,e
205,n
205,g
205,r
205,q
205,m
205,u
206,p
206,s
206,h
206,c
206,k
206,l
206,r
206,g
206,q
206,u
206,m
207,p
207,s
207,h
207,f
207,b
207,j
207,e
208,a
208,h
208,b
208,c
208,f
208,k
208,l
208,j
208,g
208,e
208,q
208,r
208,m
208,u
209,a
209,h
209,f
209,b
209,j
209,e
210,a
210,h
210,c
210,k
210,l
210,g
210,r
210,q
210,u
210,m
211,a
211,h
211,f
211,c
211,b
211,l
211,g
211,j
211,e
211,r
211,q
211,m
211,u
212,a
212,h
212,c
212,k
212,l
212,r
212,g
212,q
212,u
212,m
213,a
213,h
213,c
213,k
213,l
213,g
213,r
213,q
213,u
213,m
214,a
214,h
214,b
214,c
214,k
214,f
214,j
214,l
214,e
214,r
214,g
214,q
214,m
214,u
215,a
215,h
215,c
215,b
215,f
215,j
215,k
215,e
215,l
215,g
215,r
215,q
215,m
215,u
216,a
216,h
216,b
216,f
216,j
216,c
216,e
216,k
216,l
216,g
216,r
216,q
216,m
216,u
217,a
217,h
217,c
217,k
217,l
217,g
217,q
217,r
217,u
217,m
218,a
218,h
218,c
218,b
218,f
218,j
218,l
218,e
218,r
218,g
218,q
218,m
218,u
219,a
219,h
219,f
219,c
219,b
219,n
219,i
219,j
219,t
219,d
219,e
219,g
219,q
219,m
219,u
220,a
220,h
220,c
220,k
220,l
220,g
220,r
220,q
220,u
220,m
221,a
221,h
221,c
221,k
221,l
221,g
221,r
221,q
221,m
221,u
222,a
222,h
222,c
222,k
222,l
222,g
222,r
222,q
222,u
222,m
223,a
223,h
223,f
223,b
223,j
223,c
223,n
223,e
223,i
223,t
223,d
223,g
223,q
223,u
223,m
224,a
224,h
224,b
224,j
224,f
224,c
224,e
224,k
224,l
224,r
224,g
224,q
224,m
224,u
225,a
225,h
225,c
225,k
225,l
225,g
225,r
225,q
225,u
225,m
226,a
226,h
226,c
226,b
226,f
226,j
226,l
226,r
226,e
226,g
226,q
226,m
226,u
227,a
227,h
227,f
227,b
227,j
227,e
228,a
228,h
228,b
228,j
228,f
228,c
228,e
228,k
228,l
228,r
228,g
228,q
228,u
228,m
229,a
229,h
229,f
229,b
229,j
229,e
230,a
230,h
230,c
230,k
230,l
230,g
230,r
230,q
230,m
230,u
231,a
231,h
231,b
231,j
231,f
232,p
232,s
232,h
232,f
232,b
232,c
232,j
232,k
232,e
232,l
232,g
232,r
232,q
232,u
232,m
233,a
233,h
233,b
233,f
233,c
233,k
233,j
233,l
233,e
233,d
233,g
233,q
233,m
233,u
234,a
234,h
234,b
234,f
234,c
234,j
234,k
234,e
234,l
234,g
234,r
234,q
234,u
234,m
235,a
235,h
235,b
235,f
235,j
235,c
235,e
235,k
235,l
235,r
235,g
235,q
235,m
235,u
236,a
236,h
236,f
236,c
236,b
236,j
236,l
236,g
236,e
236,q
236,r
236,u
236,m
237,a
237,h
237,b
237,f
237,j
237,e
238,a
238,h
238,f
238,b
238,c
238,k
238,j
238,l
238,r
238,g
238,e
238,q
238,m
238,u
239,a
239,h
239,c
239,b
239,f
239,j
239,e
239,l
239,g
239,r
239,q
239,m
239,u
240,a
240,h
240,c
240,f
240,k
240,l
240,b
240,g
240,q
240,r
240,u
240,m
240,j
241,a
241,h
241,c
241,k
241,l
241,g
241,q
241,m
241,r
241,u
242,a
242,h
242,c
242,k
242,l
242,r
242,g
242,q
242,m
242,u
243,p
243,s
243,h
243,f
243,c
243,k
243,b
243,l
243,r
243,g
243,q
243,j
243,u
243,m
243,e
244,a
244,h
244,c
244,k
244,f
244,b
244,l
244,g
244,r
244,j
244,q
244,u
244,e
244,m
245,a
245,h
245,b
245,j
245,f
245,e
246,a
246,h
246,c
246,f
246,b
246,j
246,k
246,e
246,l
246,g
246,r
246,q
246,m
246,u
247,a
247,h
247,c
247,f
247,b
247,j
247,k
247,e
247,l
247,g
247,r
247,q
247,m
247,u
248,a
248,h
248,f
248,b
248,j
249,a
249,h
249,f
249,b
249,j
250,a
250,h
250,c
250,k
250,l
250,r
250,g
250,q
250,m
250,u
251,a
251,h
251,b
251,c
251,j
251,f
251,e
251,l
251,r
251,g
251,q
251,m
251,u
252,a
252,h
252,c
252,f
252,b
252,k
252,j
252,l
252,g
252,q
252,r
252,m
252,u
253,p
253,s
253,h
253,c
253,b
253,j
253,f
253,k
253,e
253,l
253,g
253,q
253,r
253,m
253,u
254,a
254,h
254,f
254,b
254,j
255,p
255,s
255,h
255,c
255,k
255,l
255,g
255,q
255,r
255,u
255,m
256,a
256,h
256,b
256,c
256,k
256,j
256,f
256,l
256,r
256,e
256,g
256,q
256,u
256,m
257,a
257,h
257,b
257,j
257,f
258,a
258,h
258,f
258,b
258,j
258,e
259,a
259,h
259,c
259,b
259,f
259,j
259,k
259,e
259,l
259,r
259,g
259,q
259,u
259,m
260,a
260,h
260,f
260,b
260,j
260,e
261,a
261,h
261,f
261,b
261,j
261,e
262,a
262,h
262,f
262,c
262,b
262,j
262,e
262,k
262,l
262,r
262,g
262,q
262,u
262,m
263,a
263,h
263,f
263,b
263,j
263,e
264,a
264,h
264,b
264,j
264,f
264,c
264,e
264,k
264,l
264,r
264,g
264,q
264,u
264,m
265,a
265,h
265,b
265,c
265,f
265,k
265,j
265,e
265,l
265,g
265,q
265,m
265,d
265,u
266,a
266,h
266,b
266,f
266,j
266,e
267,a
267,h
267,f
267,b
267,j
267,e
267,c
267,k
267,l
267,g
267,d
267,q
267,u
267,m
268,a
268,h
268,f
268,b
268,j
268,e
269,a
269,h
269,f
269,b
269,j
269,e
270,a
270,h
270,c
270,k
270,l
270,g
270,r
270,q
270,m
270,u
271,a
271,h
271,f
271,b
271,c
271,j
271,k
271,l
271,g
271,e
271,r
271,q
271,u
271,m
272,a
272,h
272,f
272,b
272,c
272,j
272,k
272,l
272,e
272,r
272,g
272,q
272,m
272,u
273,a
273,h
273,f
273,c
273,k
273,b
273,l
273,r
273,j
273,g
273,e
273,q
273,u
273,m
274,a
274,h
274,f
274,b
274,j
274,e
275,a
275,h
275,f
275,b
275,c
275,l
275,r
275,j
275,g
275,e
275,q
275,m
275,u
276,a
276,h
276,b
276,f
276,j
277,p
277,s
277,h
277,c
277,k
277,l
277,g
277,r
277,q
277,m
277,u
278,a
278,h
278,f
278,c
278,b
278,k
278,l
278,j
278,g
278,r
278,q
278,m
278,u
279,a
279,h
279,b
279,j
279,f
279,e
280,a
280,h
280,b
280,f
280,j
280,e
281,a
281,h
281,c
281,k
281,l
281,g
281,q
281,m
281,r
281,u
282,a
282,h
282,c
282,k
282,l
282,g
282,r
282,q
282,u
282,m
283,a
283,h
283,b
283,j
283,c
283,f
283,e
283,k
283,l
283,r
283,g
283,q
283,m
283,u
284,a
284,h
284,c
284,f
284,b
284,k
284,j
284,l
284,e
284,g
284,q
284,r
284,m
284,u
285,a
285,h
285,f
285,b
285,c
285,j
285,e
285,n
285,i
285,r
285,g
285,q
285,u
285,m
286,a
286,h
286,c
286,f
286,b
286,l
286,g
286,r
286,q
286,u
286,j
286,m
287,a
287,h
287,b
287,j
287,f
287,e
288,a
288,h
288,c
288,k
288,l
288,g
288,d
288,q
288,m
288,u
289,a
289,h
289,b
289,j
289,c
289,f
289,e
289,k
289,l
289,r
289,g
289,q
289,m
289,u
290,a
290,h
290,c
290,k
290,l
290,r
290,g
290,q
290,m
290,u
291,a
291,h
291,b
291,c
291,f
291,i
291,n
291,j
291,t
291,e
291,r
291,g
291,q
291,u
291,m
292,a
292,h
292,b
292,j
292,f
292,c
292,e
292,k
292,l
292,r
292,g
292,q
292,u
292,m
293,a
293,h
293,c
293,f
293,b
293,j
293,k
293,l
293,e
293,r
293,g
293,q
293,m
293,u
294,a
294,h
294,c
294,k
294,l
294,r
294,g
294,q
294,u
294,m
295,a
295,h
295,b
295,f
295,j
295,e
296,a
296,h
296,f
296,b
296,j
296,e
297,a
297,h
297,f
297,b
297,c
297,j
297,i
297,t
297,n
297,e
297,d
297,g
297,q
297,u
297,m
298,a
298,h
298,f
298,b
298,j
298,e
299,a
299,h
299,c
299,k
299,f
299,b
299,l
299,g
299,j
299,e
299,q
299,m
299,r
299,u
300,p
300,s
300,h
300,f
300,b
300,j
300,e
301,a
301,h
301,b
301,c
301,f
301,j
301,k
301,l
301,g
301,r
301,q
301,u
301,m
302,a
302,h
302,b
302,f
302,c
302,j
302,i
302,n
302,t
302,r
302,g
302,q
302,m
302,u
303,a
303,h
303,c
303,k
303,l
303,g
303,q
303,u
303,m
303,r
304,a
304,h
304,b
304,f
304,j
304,e
305,a
305,h
305,c
305,b
305,f
305,j
305,k
305,e
305,l
305,r
305,g
305,q
305,u
305,m
306,a
306,h
306,b
306,j
306,f
306,e
307,a
307,h
307,c
307,k
307,f
307,b
307,j
307,l
307,e
307,r
307,g
307,q
307,u
307,m
308,a
308,h
308,c
308,k
308,l
308,r
308,g
308,q
308,u
308,m
309,a
309,h
309,b
309,c
309,f
309,j
309,k
309,e
309,l
309,r
309,g
309,q
309,u
309,m
310,a
310,h
310,c
310,f
310,b
310,k
310,j
310,l
310,e
310,r
310,g
310,q
310,m
310,u
311,a
311,h
311,f
311,c
311,b
311,k
311,l
311,j
311,e
311,r
311,g
311,q
311,u
311,m
312,a
312,h
312,f
312,b
312,j
312,e
313,a
313,h
313,c
313,k
313,l
313,d
313,g
313,q
313,u
313,m
314,a
314,h
314,b
314,j
314,f
314,e
315,a
315,h
315,b
315,j
315,f
315,e
316,p
316,s
316,h
316,c
316,i
316,n
316,t
316,r
316,g
316,q
316,m
316,u
317,p
317,s
317,h
317,f
317,b
317,c
317,j
317,k
317,l
317,e
317,d
317,g
317,q
317,u
317,m
318,a
318,h
318,c
318,f
318,b
318,k
318,j
318,l
318,e
318,g
318,q
318,r
318,u
318,m
319,a
319,h
319,c
319,n
319,i
319,t
319,r
319,g
319,q
319,m
319,u
320,a
320,h
320,f
320,b
320,j
320,e
321,a
321,h
321,c
321,i
321,n
321,b
321,f
321,j
321,t
321,r
321,g
321,q
321,u
321,m
322,a
322,h
322,c
322,k
322,l
322,g
322,r
322,q
322,m
322,u
323,a
323,h
323,b
323,f
323,c
323,j
323,k
323,e
323,l
323,r
323,g
323,q
323,u
323,m
324,a
324,h
324,c
324,b
324,f
324,j
324,k
324,l
324,e
324,r
324,g
324,q
324,u
324,m
325,a
325,h
325,c
325,k
325,l
325,r
325,g
325,q
325,m
325,u
326,a
326,h
326,b
326,f
326,j
326,e
327,p
327,s
327,h
327,f
327,b
327,j
327,c
327,e
327,k
327,l
327,g
327,r
327,q
327,u
327,m
328,a
328,h
328,f
328,b
328,j
328,e
329,a
329,h
329,b
329,j
329,f
330,p
330,s
330,h
330,f
330,b
330,j
330,e
331,a
331,h
331,f
331,b
331,j
331,e
332,p
332,s
332,h
332,f
332,b
332,c
332,k
332,j
332,e
332,l
332,r
332,g
332,q
332,u
332,m
333,a
333,h
333,c
333,f
333,b
333,j
333,k
333,e
333,l
333,r
333,g
333,q
333,m
333,u
334,a
334,h
334,c
334,k
334,l
334,g
334,r
334,q
334,m
334,u
335,p
335,s
335,h
335,c
335,k
335,l
335,g
335,q
335,u
335,r
335,m
336,a
336,h
336,c
336,b
336,k
336,j
336,f
336,l
336,d
336,e
336,g
336,q
336,m
336,u
337,a
337,h
337,f
337,b
337,c
337,j
337,i
337,t
337,n
337,g
337,q
337,r
337,m
337,u
338,a
338,h
338,c
338,k
338,l
338,g
338,r
338,q
338,m
338,u
339,a
339,h
339,c
339,k
339,l
339,d
339,g
339,q
339,u
339,m
340,a
340,h
340,b
340,f
340,j
340,e
341,a
341,h
341,c
341,l
341,r
341,g
341,q
341,m
341,u
342,a
342,h
342,c
342,b
342,j
342,f
342,e
342,k
342,l
342,g
342,r
342,q
342,m
342,u
343,a
343,h
343,b
343,f
343,j
343,c
343,i
343,t
343,e
343,n
343,r
343,g
343,q
343,u
343,m
344,a
344,h
344,f
344,c
344,k
344,b
344,j
344,l
344,r
344,g
344,e
344,q
344,u
344,m
345,a
345,h
345,c
345,k
345,l
345,g
345,r
345,q
345,m
345,u
346,a
346,h
346,b
346,f
346,c
346,k
346,l
346,j
346,r
346,g
346,q
346,u
346,m
347,a
347,h
347,b
347,j
347,f
347,c
347,k
347,l
347,e
347,g
347,r
347,q
347,m
347,u
348,p
348,s
348,h
348,b
348,j
348,f
348,e
349,a
349,h
349,c
349,f
349,b
349,j
349,k
349,l
349,r
349,g
349,q
349,m
349,u
350,a
350,h
350,c
350,k
350,l
350,r
350,g
350,q
350,m
350,u
351,a
351,h
351,c
351,b
351,f
351,k
351,j
351,e
351,l
351,g
351,r
351,q
351,u
351,m
352,a
352,h
352,f
352,b
352,j
352,e
352,c
352,n
352,i
352,t
352,g
352,d
352,q
352,u
352,m
353,p
353,s
353,h
353,b
353,c
353,k
353,j
353,l
353,f
353,g
353,e
353,r
353,q
353,m
353,u
354,p
354,s
354,h
354,c
354,f
354,k
354,b
354,l
354,g
354,r
354,q
354,j
354,u
354,e
354,m
355,a
355,h
355,f
355,b
355,j
356,a
356,h
356,b
356,c
356,f
356,j
356,k
356,l
356,e
356,g
356,r
356,q
356,m
356,u
357,p
357,s
357,h
357,f
357,b
357,c
357,k
357,j
357,l
357,r
357,g
357,q
357,m
357,u
358,a
358,h
358,c
358,b
358,f
358,l
358,r
358,j
358,g
358,q
358,m
358,e
358,u
359,a
359,h
359,f
359,b
359,j
359,e
360,a
360,h
360,c
360,k
360,l
360,b
360,g
360,f
360,j
360,q
360,m
360,r
360,u
360,e
361,a
361,h
361,c
361,b
361,k
361,f
361,j
361,l
361,e
361,g
361,r
361,q
361,u
361,m
362,p
362,s
362,h
362,c
362,k
362,l
362,r
362,g
362,q
362,u
362,m
363,a
363,h
363,f
363,b
363,j
363,e
364,a
364,h
364,f
364,b
364,j
364,e
365,a
365,h
365,c
365,k
365,l
365,g
365,q
365,r
365,u
365,m
366,a
366,h
366,c
366,k
366,l
366,r
366,g
366,q
366,u
366,m
367,a
367,h
367,b
367,j
367,c
367,n
367,f
367,i
367,e
367,t
367,r
367,g
367,q
367,u
367,m
368,a
368,h
368,c
368,b
368,k
368,l
368,f
368,j
368,d
368,g
368,e
368,q
368,u
368,m
369,a
369,h
369,b
369,j
369,c
369,f
369,n
369,i
369,e
369,t
369,g
369,q
369,d
369,m
369,u
370,a
370,h
370,c
370,k
370,l
370,g
370,r
370,q
370,m
370,u
371,a
371,h
371,c
371,b
371,f
371,k
371,l
371,j
371,g
371,q
371,r
371,m
371,e
371,u
372,a
372,h
372,f
372,b
372,j
372,e
373,a
373,h
373,f
373,b
373,c
373,j
373,e
373,k
373,l
373,r
373,g
373,q
373,u
373,m
374,a
374,h
374,f
374,c
374,b
374,k
374,j
374,l
374,g
374,r
374,q
374,u
374,m
375,a
375,h
375,b
375,f
375,j
375,c
375,e
375,k
375,l
375,g
375,r
375,q
375,m
375,u
376,a
376,h
376,c
376,b
376,f
376,n
376,i
376,j
376,e
376,t
376,g
376,r
376,q
376,u
376,m
377,p
377,s
377,h
377,c
377,k
377,l
377,r
377,g
377,q
377,u
377,m
378,a
378,h
378,c
378,b
378,f
378,j
378,e
378,k
378,l
378,r
378,g
378,q
378,m
378,u
379,a
379,h
379,f
379,c
379,k
379,l
379,b
379,g
379,r
379,j
379,q
379,m
379,e
379,u
380,a
380,h
380,f
380,b
380,c
380,n
380,j
380,i
380,t
380,r
380,e
380,g
380,q
380,m
380,u
381,a
381,h
381,b
381,j
381,f
381,c
381,k
381,e
381,l
381,r
381,g
381,q
381,u
381,m
382,p
382,s
382,h
382,f
382,b
382,c
382,j
382,e
382,l
382,g
382,q
382,u
382,m
382,r
383,a
383,h
383,b
383,j
383,f
383,c
383,e
383,k
383,l
383,r
383,g
383,q
383,m
383,u
384,a
384,h
384,c
384,k
384,b
384,f
384,l
384,g
384,j
384,q
384,r
384,m
384,u
384,e
385,a
385,h
385,b
385,j
385,f
385,c
385,l
385,g
385,r
385,q
385,u
385,m
386,a
386,h
386,f
386,c
386,b
386,j
386,k
386,e
386,l
386,g
386,r
386,q
386,m
386,u
387,a
387,h
387,f
387,b
387,c
387,j
387,l
387,r
387,e
387,g
387,q
387,m
387,u
388,a
388,h
388,b
388,f
388,j
388,e
389,a
389,h
389,b
389,f
389,j
389,e
390,p
390,s
390,h
390,c
390,k
390,l
390,r
390,g
390,q
390,m
390,u
391,a
391,h
391,f
391,c
391,k
391,b
391,l
391,g
391,j
391,r
391,e
391,q
391,m
391,u
392,p
392,s
392,h
392,f
392,b
392,j
392,e
393,a
393,h
393,b
393,j
393,f
393,e
393,c
393,k
393,l
393,g
393,q
393,r
393,m
393,u
394,a
394,h
394,b
394,f
394,j
394,c
394,k
394,e
394,l
394,g
394,r
394,q
394,u
394,m
395,a
395,h
395,c
395,k
395,l
395,r
395,g
395,q
395,m
395,u
396,p
396,s
396,h
396,c
396,k
396,l
396,g
396,r
396,q
396,u
396,m
397,a
397,h
397,c
397,f
397,b
397,k
397,l
397,r
397,j
397,e
397,g
397,q
397,u
397,m
398,a
398,h
398,c
398,k
398,l
398,d
398,g
398,q
398,m
398,u
399,a
399,h
399,f
399,b
399,j
399,e
400,a
400,h
400,b
400,f
400,j
400,c
400,n
400,e
400,i
400,t
400,g
400,d
400,q
400,m
400,u
401,a
401,h
401,c
401,k
401,l
401,g
401,r
401,q
401,u
401,m
402,a
402,h
402,c
402,k
402,b
402,j
402,l
402,f
402,g
402,q
402,m
402,r
402,e
402,u
403,a
403,h
403,b
403,f
403,j
404,a
404,h
404,c
404,k
404,l
404,g
404,r
404,q
404,u
404,m
405,a
405,h
405,f
405,c
405,k
405,b
405,l
405,j
405,e
405,g
405,q
405,u
405,r
405,m
406,a
406,h
406,b
406,f
406,j
406,e
407,a
407,h
407,c
407,k
407,l
407,g
407,r
407,q
407,m
407,u
408,a
408,h
408,b
408,f
408,c
408,j
408,k
408,e
408,l
408,g
408,q
408,m
408,r
408,u
409,a
409,h
409,f
409,b
409,c
409,k
409,j
409,e
409,l
409,g
409,q
409,r
409,u
409,m
410,a
410,h
410,b
410,c
410,f
410,i
410,t
410,j
410,n
410,e
410,r
410,g
410,q
410,u
410,m
411,a
411,h
411,c
411,k
411,l
411,r
411,g
411,q
411,m
411,u
412,p
412,s
412,h
412,b
412,f
412,c
412,j
412,e
412,k
412,l
412,r
412,g
412,q
412,m
412,u
413,a
413,h
413,c
413,b
413,j
413,f
413,k
413,l
413,g
413,q
413,u
413,r
413,m
414,a
414,h
414,b
414,j
414,f
414,c
414,k
414,e
414,l
414,g
414,q
414,m
414,r
414,u
415,a
415,h
415,c
415,k
415,l
415,r
415,g
415,q
415,u
415,m
416,a
416,h
416,c
416,k
416,l
416,r
416,g
416,q
416,m
416,u
417,a
417,h
417,c
417,f
417,k
417,b
417,j
417,l
417,r
417,e
417,g
417,q
417,m
417,u
418,a
418,h
418,f
418,b
418,j
418,e
419,a
419,h
419,c
419,k
419,f
419,b
419,l
419,r
419,g
419,q
419,j
419,m
419,u
419,e
420,a
420,h
420,c
420,f
420,b
420,k
420,j
420,l
420,e
420,g
420,r
420,q
420,u
420,m
421,a
421,h
421,c
421,f
421,k
421,b
421,l
421,r
421,j
421,e
421,g
421,q
421,m
421,u
422,a
422,h
422,b
422,f
422,j
422,e
423,p
423,s
423,h
423,c
423,k
423,l
423,g
423,r
423,q
423,u
423,m
424,a
424,h
424,f
424,b
424,j
424,e
425,a
425,h
425,b
425,c
425,i
425,j
425,f
425,n
425,t
425,e
425,r
425,g
425,q
425,u
425,m
426,a
426,h
426,f
426,b
426,j
426,e
427,a
427,h
427,f
427,b
427,j
427,e
428,a
428,h
428,f
428,b
428,j
428,e
429,a
429,h
429,b
429,j
429,f
429,e
429,c
429,k
429,l
429,g
429,q
429,u
429,m
429,r
430,a
430,h
430,c
430,k
430,l
430,r
430,g
430,q
430,u
430,m
431,a
431,h
431,c
431,k
431,l
431,g
431,q
431,r
431,m
431,u
432,a
432,h
432,b
432,f
432,c
432,j
432,k
432,e
432,l
432,g
432,d
432,q
432,u
432,m
433,p
433,s
433,h
433,f
433,b
433,j
433,e
434,a
434,h
434,f
434,c
434,n
434,i
434,b
434,j
434,t
434,e
434,g
434,q
434,r
434,m
434,u
435,p
435,s
435,h
435,f
435,b
435,j
435,e
436,a
436,h
436,b
436,j
436,c
436,f
436,n
436,e
436,i
436,t
436,g
436,q
436,u
436,m
436,r
437,a
437,h
437,b
437,c
437,f
437,j
437,k
437,l
437,e
437,g
437,r
437,q
437,u
437,m
438,a
438,h
438,f
438,b
438,c
438,j
438,k
438,e
438,l
438,r
438,g
438,q
438,u
438,m
439,p
439,s
439,h
439,c
439,b
439,f
439,k
439,j
439,l
439,g
439,e
439,r
439,q
439,u
439,m
440,a
440,h
440,b
440,j
440,c
440,k
440,f
440,e
440,l
440,d
440,g
440,q
440,u
440,m
441,a
441,h
441,c
441,f
441,k
441,l
441,b
441,r
441,g
441,j
441,q
441,u
441,m
442,a
442,h
442,b
442,c
442,k
442,l
442,j
442,g
442,f
442,e
442,q
442,r
442,m
442,u
443,a
443,h
443,b
443,c
443,f
443,j
443,k
443,e
443,l
443,g
443,r
443,q
443,u
443,m
444,a
444,h
444,f
444,b
444,j
444,e
445,a
445,h
445,c
445,k
445,l
445,d
445,g
445,q
445,u
445,m
446,a
446,h
446,b
446,j
446,c
446,f
446,k
446,l
446,g
446,d
446,q
446,u
446,m
447,p
447,s
447,h
447,c
447,b
447,f
447,k
447,j
447,e
447,l
447,d
447,g
447,q
447,u
447,m
448,a
448,h
448,c
448,f
448,k
448,b
448,j
448,l
448,e
448,r
448,g
448,q
448,u
448,m
449,a
449,h
449,b
449,f
449,j
449,c
449,e
449,k
449,l
449,g
449,q
449,r
449,u
449,m
450,a
450,h
450,b
450,f
450,j
450,e
451,a
451,h
451,c
451,k
451,b
451,l
451,f
451,r
451,j
451,g
451,e
451,q
451,u
451,m
452,a
452,h
452,b
452,f
452,c
452,j
452,k
452,e
452,l
452,r
452,g
452,q
452,u
452,m
453,a
453,h
453,b
453,c
453,k
453,j
453,f
453,e
453,l
453,d
453,g
453,q
453,u
453,m
454,a
454,h
454,b
454,c
454,j
454,f
454,k
454,l
454,e
454,g
454,r
454,q
454,u
454,m
455,p
455,s
455,h
455,f
455,b
455,j
455,e
456,a
456,h
456,f
456,b
456,c
456,k
456,l
456,j
456,g
456,r
456,e
456,q
456,m
456,u
457,a
457,h
457,c
457,k
457,l
457,g
457,r
457,q
457,m
457,u
458,a
458,h
458,c
458,f
458,b
458,k
458,l
458,g
458,j
458,r
458,e
458,q
458,m
458,u
459,a
459,h
459,b
459,f
459,j
460,a
460,h
460,b
460,f
460,j
460,e
461,a
461,h
461,f
461,c
461,b
461,k
461,l
461,r
461,j
461,g
461,e
461,q
461,m
461,u
462,a
462,h
462,c
462,k
462,l
462,g
462,r
462,q
462,m
462,u
463,p
463,s
463,h
463,b
463,f
463,j
464,p
464,s
464,h
464,f
464,c
464,k
464,l
464,r
464,b
464,j
464,e
464,g
464,q
464,u
464,m
465,a
465,h
465,c
465,k
465,l
465,r
465,g
465,q
465,u
465,m
466,a
466,h
466,f
466,b
466,j
467,a
467,h
467,c
467,k
467,l
467,g
467,r
467,q
467,u
467,m
468,a
468,h
468,b
468,f
468,j
468,e
469,a
469,h
469,c
469,l
469,d
469,g
469,q
469,m
469,u
470,a
470,h
470,c
470,n
470,i
470,t
470,r
470,g
470,q
470,m
470,u
471,a
471,h
471,c
471,k
471,l
471,r
471,g
471,q
471,m
471,u
472,a
472,h
472,c
472,f
472,b
472,j
472,l
472,r
472,g
472,q
472,e
472,u
472,m
473,a
473,h
473,b
473,j
473,f
473,c
473,k
473,e
473,l
473,r
473,g
473,q
473,m
473,u
474,a
474,h
474,c
474,f
474,b
474,k
474,l
474,j
474,r
474,g
474,q
474,u
474,m
475,a
475,h
475,b
475,j
475,f
475,c
475,e
475,k
475,l
475,g
475,q
475,m
475,d
475,u
476,a
476,h
476,c
476,l
476,g
476,r
476,q
476,u
476,m
477,a
477,h
477,f
477,b
477,j
478,a
478,h
478,c
478,k
478,f
478,b
478,j
478,l
478,g
478,r
478,e
478,q
478,u
478,m
479,a
479,h
479,b
479,c
479,f
479,j
479,k
479,l
479,e
479,r
479,g
479,q
479,u
479,m
480,a
480,h
480,f
480,b
480,j
480,e
481,a
481,h
481,c
481,i
481,t
481,n
481,g
481,r
481,q
481,u
481,m
482,a
482,h
482,f
482,c
482,b
482,k
482,j
482,l
482,r
482,g
482,e
482,q
482,u
482,m
483,a
483,h
483,f
483,c
483,b
483,k
483,j
483,e
483,l
483,r
483,g
483,q
483,m
483,u
484,p
484,s
484,h
484,f
484,b
484,c
484,j
484,k
484,e
484,l
484,r
484,g
484,q
484,u
484,m
485,a
485,h
485,f
485,b
485,c
485,k
485,l
485,j
485,r
485,g
485,q
485,e
485,u
485,m
486,a
486,h
486,b
486,f
486,j
486,e
487,p
487,s
487,h
487,b
487,c
487,f
487,k
487,j
487,e
487,l
487,r
487,g
487,q
487,u
487,m
488,a
488,h
488,c
488,k
488,l
488,r
488,g
488,q
488,m
488,u
489,a
489,h
489,c
489,b
489,j
489,i
489,f
489,n
489,t
489,r
489,g
489,q
489,u
489,m
490,a
490,h
490,c
490,i
490,b
490,f
490,t
490,j
490,n
490,g
490,r
490,e
490,q
490,m
490,u
491,p
491,s
491,h
491,f
491,c
491,b
491,j
491,k
491,l
491,r
491,g
491,q
491,u
491,m
492,a
492,h
492,f
492,c
492,k
492,l
492,b
492,j
492,g
492,e
492,q
492,r
492,m
492,u
493,a
493,h
493,b
493,j
493,f
493,e
494,a
494,h
494,c
494,k
494,b
494,j
494,l
494,g
494,f
494,q
494,r
494,u
494,m
494,e
495,a
495,h
495,c
495,k
495,l
495,g
495,q
495,r
495,m
495,u
496,p
496,s
496,h
496,f
496,b
496,j
496,e
497,a
497,h
497,b
497,f
497,c
497,i
497,j
497,t
497,e
497,n
497,d
497,g
497,q
497,u
497,m
498,p
498,s
498,h
498,b
498,j
498,f
498,e
499,p
499,s
499,h
499,f
499,c
499,b
499,j
499,l
499,r
499,e
499,g
499,q
499,m
499,u
500,a
500,h
500,f
500,b
500,c
500,j
500,k
500,l
500,r
500,g
500,q
500,m
500,u
501,a
501,h
501,b
501,c
501,f
501,j
501,k
501,e
501,l
501,r
501,g
501,q
501,u
501,m
502,a
502,h
502,b
502,j
502,f
502,e
503,a
503,h
503,f
503,b
503,j
503,c
503,k
503,l
503,g
503,r
503,q
503,m
503,u
504,a
504,h
504,b
504,j
504,f
504,e
505,p
505,s
505,h
505,b
505,j
505,f
505,e
506,a
506,h
506,c
506,k
506,l
506,g
506,r
506,q
506,u
506,m
507,a
507,h
507,c
507,l
507,r
507,g
507,q
507,m
507,u
508,a
508,h
508,c
508,b
508,f
508,n
508,i
508,j
508,e
508,t
508,r
508,g
508,q
508,u
508,m
509,a
509,h
509,f
509,c
509,b
509,k
509,j
509,l
509,r
509,g
509,q
509,u
509,m
510,p
510,s
510,h
510,b
510,f
510,j
510,e
511,p
511,s
511,h
511,f
511,c
511,b
511,j
511,e
511,i
511,n
511,t
511,r
511,g
511,q
511,u
511,m
512,a
512,h
512,f
512,c
512,b
512,j
512,k
512,e
512,l
512,r
512,g
512,q
512,m
512,u
513,a
513,h
513,f
513,b
513,j
513,e
514,a
514,h
514,f
514,b
514,j
514,c
514,k
514,l
514,g
514,d
514,q
514,u
514,m
515,a
515,h
515,b
515,f
515,j
515,c
515,e
515,k
515,l
515,r
515,g
515,q
515,u
515,m
516,p
516,s
516,h
516,c
516,k
516,l
516,r
516,g
516,q
516,u
516,m
517,a
517,h
517,b
517,j
517,f
517,e
518,a
518,h
518,c
518,k
518,l
518,r
518,g
518,q
518,u
518,m
519,a
519,h
519,c
519,k
519,l
519,g
519,r
519,q
519,u
519,m
520,a
520,h
520,f
520,b
520,j
520,e
521,a
521,h
521,b
521,f
521,j
522,a
522,h
522,c
522,k
522,l
522,r
522,g
522,q
522,u
522,m
523,a
523,h
523,c
523,k
523,l
523,r
523,g
523,q
523,u
523,m
524,a
524,h
524,c
524,k
524,l
524,g
524,r
524,q
524,m
524,u
525,a
525,h
525,c
525,k
525,l
525,g
525,r
525,q
525,m
525,u
526,a
526,h
526,c
526,k
526,l
526,r
526,g
526,q
526,m
526,u
527,a
527,h
527,c
527,f
527,b
527,k
527,l
527,j
527,r
527,g
527,q
527,e
527,u
527,m
528,a
528,h
528,c
528,k
528,l
528,g
528,r
528,q
528,m
528,u
529,a
529,h
529,c
529,b
529,f
529,j
529,l
529,e
529,r
529,g
529,q
529,u
529,m
530,p
530,s
530,h
530,b
530,j
530,f
530,e
530,c
530,k
530,l
530,g
530,q
530,m
530,d
530,u
531,a
531,h
531,c
531,b
531,j
531,k
531,f
531,l
531,d
531,e
531,g
531,q
531,u
531,m
532,a
532,h
532,c
532,k
532,l
532,g
532,q
532,r
532,m
532,u
533,a
533,h
533,b
533,f
533,c
533,k
533,j
533,l
533,e
533,r
533,g
533,q
533,m
533,u
534,a
534,h
534,b
534,c
534,k
534,f
534,j
534,l
534,g
534,q
534,m
534,e
534,r
534,u
535,a
535,h
535,c
535,k
535,l
535,g
535,q
535,r
535,m
535,u
536,a
536,h
536,b
536,f
536,j
536,c
536,k
536,l
536,r
536,g
536,q
536,u
536,m
537,a
537,h
537,b
537,f
537,j
537,e
538,a
538,h
538,b
538,f
538,j
538,c
538,e
538,k
538,l
538,r
538,g
538,q
538,u
538,m
539,p
539,s
539,h
539,b
539,j
539,f
539,c
539,e
539,k
539,l
539,g
539,r
539,q
539,m
539,u
540,a
540,h
540,b
540,j
540,f
540,c
540,e
540,k
540,l
540,r
540,g
540,q
540,u
540,m
541,a
541,h
541,f
541,b
541,j
541,e
542,a
542,h
542,b
542,f
542,j
542,e
543,a
543,h
543,f
543,b
543,c
543,j
543,e
543,k
543,l
543,g
543,r
543,q
543,u
543,m
544,a
544,h
544,c
544,k
544,l
544,r
544,g
544,q
544,u
544,m
545,a
545,h
545,b
545,f
545,c
545,k
545,j
545,l
545,e
545,r
545,g
545,q
545,m
545,u
546,a
546,h
546,f
546,b
546,j
546,e
547,a
547,h
547,c
547,f
547,b
547,k
547,j
547,l
547,g
547,r
547,q
547,m
547,u
548,p
548,s
548,h
548,b
548,f
548,j
548,e
549,a
549,h
549,c
549,f
549,b
549,n
549,i
549,j
549,t
549,r
549,g
549,q
549,e
549,m
549,u
550,a
550,h
550,c
550,k
550,l
550,r
550,g
550,q
550,m
550,u
551,a
551,h
551,c
551,b
551,f
551,k
551,l
551,j
551,g
551,r
551,q
551,e
551,u
551,m
552,a
552,h
552,c
552,l
552,g
552,r
552,q
552,u
552,m
553,a
553,h
553,f
553,b
553,j
554,a
554,h
554,c
554,b
554,k
554,f
554,j
554,e
554,l
554,g
554,q
554,r
554,u
554,m
555,p
555,s
555,h
555,f
555,b
555,c
555,k
555,l
555,j
555,r
555,g
555,e
555,q
555,m
555,u
556,p
556,s
556,h
556,b
556,f
556,c
556,k
556,j
556,l
556,g
556,r
556,q
556,u
556,e
556,m
557,p
557,s
557,h
557,c
557,k
557,l
557,g
557,q
557,m
557,r
557,u
558,a
558,h
558,c
558,f
558,b
558,i
558,n
558,j
558,t
558,r
558,e
558,g
558,q
558,u
558,m
559,a
559,h
559,f
559,c
559,b
559,j
559,k
559,e
559,l
559,d
559,g
559,q
559,m
559,u
560,a
560,h
560,c
560,k
560,l
560,g
560,r
560,q
560,u
560,m
561,a
561,h
561,b
561,f
561,j
561,e
562,a
562,h
562,c
562,k
562,l
562,r
562,g
562,q
562,u
562,m
563,a
563,h
563,c
563,k
563,l
563,g
563,r
563,q
563,u
563,m
564,p
564,s
564,h
564,f
564,b
564,j
564,e
565,a
565,h
565,c
565,k
565,l
565,g
565,q
565,r
565,u
565,m
566,a
566,h
566,c
566,n
566,i
566,t
566,g
566,r
566,q
566,u
566,m
567,p
567,s
567,h
567,c
567,b
567,j
567,f
567,k
567,l
567,r
567,e
567,g
567,q
567,u
567,m
568,p
568,s
568,h
568,b
568,j
568,f
568,c
568,k
568,l
568,e
568,g
568,r
568,q
568,u
568,m
569,a
569,h
569,b
569,f
569,j
569,e
570,a
570,h
570,f
570,c
570,b
570,k
570,j
570,e
570,l
570,r
570,g
570,q
570,m
570,u
571,a
571,h
571,c
571,k
571,f
571,b
571,l
571,g
571,j
571,q
571,e
571,m
571,r
571,u
572,a
572,h
572,b
572,f
572,j
572,c
572,e
572,k
572,l
572,g
572,r
572,q
572,m
572,u
573,a
573,h
573,c
573,f
573,b
573,i
573,j
573,t
573,e
573,n
573,g
573,r
573,q
573,u
573,m
574,a
574,h
574,f
574,b
574,c
574,j
574,k
574,e
574,l
574,g
574,r
574,q
574,u
574,m
575,a
575,h
575,c
575,l
575,g
575,q
575,m
575,r
575,u
576,a
576,h
576,b
576,c
576,k
576,j
576,l
576,f
576,r
576,g
576,e
576,q
576,m
576,u
577,a
577,h
577,f
577,c
577,n
577,b
577,i
577,j
577,e
577,t
577,r
577,g
577,q
577,u
577,m
578,a
578,h
578,f
578,c
578,b
578,k
578,j
578,l
578,g
578,q
578,m
578,r
578,u
578,e
579,a
579,h
579,f
579,b
579,j
579,e
580,a
580,h
580,c
580,f
580,b
580,j
580,k
580,e
580,l
580,g
580,d
580,q
580,u
580,m
581,a
581,h
581,b
581,f
581,j
581,e
582,a
582,h
582,b
582,j
582,f
582,e
583,p
583,s
583,h
583,c
583,b
583,j
583,f
583,k
583,l
583,e
583,g
583,r
583,q
583,u
583,m
584,a
584,h
584,b
584,j
584,f
585,a
585,h
585,c
585,l
585,g
585,q
585,d
585,u
585,m
586,a
586,h
586,b
586,f
586,j
586,e
587,a
587,h
587,c
587,n
587,i
587,t
587,g
587,r
587,q
587,u
587,m
588,a
588,h
588,c
588,k
588,l
588,g
588,r
588,q
588,m
588,u
589,a
589,h
589,c
589,k
589,l
589,r
589,g
589,q
589,m
589,u
590,a
590,h
590,c
590,b
590,j
590,f
590,e
590,k
590,l
590,r
590,g
590,q
590,u
590,m
591,a
591,h
591,c
591,k
591,b
591,f
591,j
591,l
591,e
591,r
591,g
591,q
591,u
591,m
592,a
592,h
592,b
592,j
592,f
592,e
593,p
593,s
593,h
593,c
593,f
593,b
593,k
593,j
593,l
593,g
593,r
593,q
593,u
593,m
594,a
594,h
594,c
594,k
594,l
594,r
594,g
594,q
594,m
594,u
595,a
595,h
595,b
595,f
595,c
595,j
595,i
595,n
595,e
595,t
595,g
595,q
595,r
595,u
595,m
596,a
596,h
596,f
596,b
596,c
596,j
596,e
596,k
596,l
596,g
596,r
596,q
596,u
596,m
597,a
597,h
597,b
597,f
597,j
598,a
598,h
598,f
598,b
598,j
598,e
599,a
599,h
599,b
599,j
599,c
599,f
599,e
599,k
599,l
599,r
599,g
599,q
599,m
599,u
600,a
600,h
600,f
600,b
600,c
600,k
600,l
600,r
600,j
600,e
600,g
600,q
600,u
600,m
601,a
601,h
601,b
601,j
601,f
601,c
601,e
601,n
601,i
601,t
601,g
601,q
601,r
601,m
601,u
602,p
602,s
602,h
602,b
602,f
602,j
603,a
603,h
603,f
603,c
603,b
603,k
603,j
603,l
603,r
603,e
603,g
603,q
603,m
603,u
604,a
604,h
604,b
604,j
604,f
604,e
605,a
605,h
605,f
605,b
605,c
605,j
605,e
605,k
605,l
605,r
605,g
605,q
605,u
605,m
606,a
606,h
606,f
606,c
606,b
606,i
606,n
606,t
606,j
606,g
606,q
606,e
606,u
606,d
606,m
607,a
607,h
607,c
607,k
607,l
607,g
607,q
607,u
607,r
607,m
608,a
608,h
608,c
608,i
608,n
608,r
608,g
608,q
608,u
608,m
609,a
609,h
609,c
609,k
609,l
609,g
609,r
609,q
609,m
609,u
610,a
610,h
610,f
610,b
610,j
610,c
610,e
610,k
610,l
610,r
610,g
610,q
610,m
610,u
611,p
611,s
611,h
611,f
611,b
611,j
611,e
612,a
612,h
612,b
612,f
612,j
612,e
613,a
613,h
613,c
613,k
613,l
613,r
613,g
613,q
613,u
613,m
614,a
614,h
614,f
614,b
614,j
614,e
615,a
615,h
615,c
615,b
615,k
615,j
615,f
615,e
615,l
615,r
615,g
615,q
615,u
615,m
616,a
616,h
616,f
616,b
616,j
616,e
617,p
617,s
617,h
617,b
617,f
617,j
617,e
618,a
618,h
618,f
618,b
618,j
619,a
619,h
619,b
619,f
619,j
619,c
619,e
619,n
619,i
619,t
619,g
619,q
619,m
619,r
619,u
620,a
620,h
620,c
620,i
620,n
620,t
620,g
620,q
620,r
620,u
620,m
621,a
621,h
621,b
621,f
621,j
621,c
621,e
621,k
621,l
621,g
621,r
621,q
621,m
621,u
622,a
622,h
622,f
622,c
622,b
622,j
622,e
622,l
622,g
622,d
622,q
622,m
622,u
623,a
623,h
623,b
623,j
623,c
623,f
623,k
623,e
623,l
623,d
623,g
623,q
623,m
623,u
624,a
624,h
624,b
624,f
624,j
624,e
625,a
625,h
625,c
625,k
625,l
625,r
625,g
625,q
625,u
625,m
626,p
626,s
626,h
626,c
626,f
626,k
626,b
626,l
626,j
626,r
626,e
626,g
626,q
626,u
626,m
627,p
627,s
627,h
627,c
627,b
627,f
627,j
627,k
627,e
627,l
627,g
627,r
627,q
627,m
627,u
628,a
628,h
628,f
628,b
628,c
628,k
628,j
628,l
628,e
628,r
628,g
628,q
628,m
628,u
629,a
629,h
629,b
629,j
629,c
629,f
629,e
629,l
629,g
629,q
629,r
629,u
629,m
630,a
630,h
630,c
630,k
630,l
630,g
630,r
630,q
630,m
630,u
631,a
631,h
631,f
631,b
631,c
631,j
631,k
631,e
631,l
631,r
631,g
631,q
631,u
631,m
632,p
632,s
632,h
632,c
632,k
632,l
632,g
632,r
632,q
632,m
632,u
633,a
633,h
633,c
633,i
633,n
633,t
633,r
633,g
633,q
633,m
633,u
634,a
634,h
634,c
634,k
634,l
634,r
634,b
634,j
634,f
634,g
634,q
634,u
634,m
635,a
635,h
635,c
635,f
635,b
635,j
635,l
635,e
635,r
635,g
635,q
635,m
635,u
636,a
636,h
636,b
636,f
636,j
636,e
637,a
637,h
637,f
637,b
637,j
637,e
638,a
638,h
638,c
638,k
638,l
638,g
638,r
638,q
638,u
638,m
639,a
639,h
639,c
639,k
639,l
639,g
639,r
639,q
639,m
639,u
640,a
640,h
640,f
640,b
640,j
640,c
640,k
640,e
640,l
640,g
640,r
640,q
640,m
640,u
641,a
641,h
641,f
641,b
641,j
641,e
642,a
642,h
642,c
642,l
642,r
642,g
642,q
642,u
642,m
643,a
643,h
643,c
643,f
643,k
643,l
643,b
643,j
643,e
643,g
643,d
643,q
643,m
643,u
644,a
644,h
644,b
644,f
644,j
644,c
644,k
644,l
644,r
644,g
644,q
644,m
644,u
645,a
645,h
645,c
645,f
645,b
645,k
645,j
645,l
645,g
645,r
645,q
645,e
645,u
645,m
646,p
646,s
646,h
646,c
646,k
646,l
646,g
646,r
646,q
646,u
646,m
647,a
647,h
647,c
647,f
647,b
647,k
647,l
647,g
647,j
647,d
647,q
647,e
647,u
647,m
648,a
648,h
648,c
648,f
648,b
648,k
648,l
648,j
648,e
648,g
648,r
648,q
648,u
648,m
649,a
649,h
649,c
649,k
649,l
649,d
649,g
649,q
649,m
649,u
650,a
650,h
650,f
650,b
650,c
650,j
650,e
650,l
650,r
650,g
650,q
650,m
650,u
651,a
651,h
651,b
651,j
651,f
651,e
652,a
652,h
652,c
652,n
652,i
652,t
652,g
652,r
652,q
652,u
652,m
653,a
653,h
653,f
653,b
653,c
653,j
653,k
653,l
653,g
653,q
653,e
653,u
653,r
653,m
654,a
654,h
654,b
654,f
654,j
654,c
654,k
654,e
654,l
654,r
654,g
654,q
654,u
654,m
655,a
655,h
655,b
655,j
655,f
655,e
655,c
655,k
655,l
655,r
655,g
655,q
655,u
655,m
656,a
656,h
656,b
656,f
656,j
656,c
656,e
656,k
656,l
656,g
656,r
656,q
656,m
656,u
657,a
657,h
657,c
657,k
657,l
657,r
657,g
657,q
657,u
657,m
658,a
658,h
658,b
658,j
658,c
658,f
658,e
658,k
658,l
658,r
658,g
658,q
658,u
658,m
659,p
659,s
659,h
659,c
659,k
659,l
659,g
659,q
659,m
659,r
659,u
660,p
660,s
660,h
660,b
660,j
660,f
660,e
661,a
661,h
661,c
661,k
661,l
661,r
661,g
661,q
661,m
661,u
662,a
662,h
662,b
662,f
662,j
662,e
663,a
663,h
663,f
663,c
663,b
663,j
663,k
663,e
663,l
663,r
663,g
663,q
663,m
663,u
664,a
664,h
664,b
664,f
664,j
664,e
665,a
665,h
665,b
665,c
665,k
665,j
665,f
665,l
665,e
665,r
665,g
665,q
665,u
665,m
666,a
666,h
666,f
666,b
666,j
666,e
667,a
667,h
667,f
667,b
667,j
668,a
668,h
668,c
668,k
668,l
668,r
668,g
668,q
668,m
668,u
669,a
669,h
669,b
669,f
669,j
669,e
670,a
670,h
670,b
670,j
670,f
671,a
671,h
671,c
671,k
671,b
671,f
671,l
671,j
671,r
671,e
671,g
671,q
671,u
671,m
672,a
672,h
672,c
672,l
672,r
672,g
672,q
672,u
672,m
673,a
673,h
673,c
673,k
673,l
673,f
673,b
673,r
673,j
673,g
673,q
673,u
673,m
674,a
674,h
674,c
674,k
674,l
674,r
674,g
674,q
674,m
674,u
675,a
675,h
675,b
675,f
675,c
675,j
675,e
675,k
675,l
675,r
675,g
675,q
675,m
675,u
676,a
676,h
676,c
676,l
676,g
676,r
676,q
676,u
676,m
677,a
677,h
677,f
677,c
677,b
677,k
677,j
677,l
677,e
677,r
677,g
677,q
677,m
677,u
678,a
678,h
678,b
678,f
678,c
678,j
678,e
678,k
678,l
678,g
678,r
678,q
678,u
678,m
679,a
679,h
679,b
679,f
679,j
679,e
680,a
680,h
680,c
680,k
680,l
680,g
680,q
680,u
680,r
680,m
681,a
681,h
681,b
681,j
681,f
681,e
681,c
681,k
681,l
681,r
681,g
681,q
681,m
681,u
682,a
682,h
682,b
682,j
682,f
682,e
683,a
683,h
683,c
683,f
683,b
683,j
683,k
683,l
683,g
683,r
683,e
683,q
683,m
683,u
684,a
684,h
684,b
684,f
684,j
684,e
685,a
685,h
685,f
685,b
685,j
685,e
686,a
686,h
686,c
686,f
686,b
686,k
686,j
686,l
686,g
686,q
686,e
686,r
686,u
686,m
687,a
687,h
687,b
687,f
687,j
687,e
688,a
688,h
688,b
688,f
688,c
688,j
688,e
688,k
688,l
688,d
688,g
688,q
688,u
688,m
689,a
689,h
689,b
689,f
689,j
689,e
690,a
690,h
690,f
690,b
690,j
690,e
691,a
691,h
691,c
691,k
691,l
691,g
691,q
691,r
691,m
691,u
692,a
692,h
692,f
692,c
692,b
692,j
692,e
692,l
692,r
692,g
692,q
692,m
692,u
693,a
693,h
693,c
693,b
693,k
693,f
693,j
693,l
693,g
693,q
693,u
693,r
693,m
694,a
694,h
694,f
694,c
694,k
694,b
694,j
694,e
694,l
694,g
694,r
694,q
694,u
694,m
695,a
695,h
695,b
695,c
695,i
695,j
695,t
695,f
695,n
695,e
695,g
695,r
695,q
695,u
695,m
696,a
696,h
696,b
696,f
696,c
696,j
696,k
696,l
696,g
696,r
696,q
696,u
696,m
697,a
697,h
697,b
697,f
697,c
697,j
697,k
697,e
697,l
697,g
697,r
697,q
697,u
697,m
698,a
698,h
698,c
698,k
698,l
698,g
698,q
698,r
698,m
698,u
699,a
699,h
699,b
699,j
699,c
699,f
699,e
699,n
699,i
699,t
699,g
699,r
699,q
699,m
699,u
700,a
700,h
700,f
700,b
700,j
700,e
701,a
701,h
701,c
701,k
701,l
701,g
701,r
701,q
701,m
701,u
702,a
702,h
702,c
702,k
702,l
702,g
702,r
702,q
702,m
702,u
703,a
703,h
703,f
703,b
703,j
704,a
704,h
704,f
704,b
704,j
704,e
705,a
705,h
705,f
705,b
705,j
705,e
706,a
706,h
706,c
706,l
706,r
706,g
706,q
706,u
706,m
707,a
707,h
707,c
707,k
707,f
707,l
707,g
707,b
707,r
707,q
707,m
707,j
707,u
707,e
708,a
708,h
708,b
708,j
708,f
708,e
709,a
709,h
709,f
709,b
709,j
709,e
710,a
710,h
710,b
710,f
710,c
710,j
710,k
710,l
710,e
710,r
710,g
710,q
710,u
710,m
711,a
711,h
711,f
711,b
711,j
711,e
712,a
712,h
712,c
712,k
712,l
712,g
712,r
712,q
712,m
712,u
713,a
713,h
713,c
713,b
713,k
713,f
713,l
713,g
713,j
713,q
713,r
713,e
713,u
713,m
714,p
714,s
714,h
714,f
714,b
714,j
714,e
715,p
715,s
715,h
715,f
715,c
715,b
715,k
715,j
715,l
715,g
715,e
715,r
715,q
715,m
715,u
716,a
716,h
716,b
716,j
716,c
716,f
716,e
716,k
716,l
716,g
716,r
716,q
716,m
716,u
717,a
717,h
717,f
717,c
717,b
717,k
717,j
717,e
717,l
717,g
717,r
717,q
717,u
717,m
718,a
718,h
718,c
718,k
718,l
718,r
718,g
718,q
718,m
718,u
719,a
719,h
719,b
719,c
719,k
719,l
719,r
719,j
719,f
719,g
719,q
719,e
719,u
719,m
720,a
720,h
720,b
720,j
720,f
720,c
720,k
720,l
720,r
720,g
720,q
720,u
720,m
721,a
721,h
721,c
721,b
721,k
721,f
721,j
721,l
721,g
721,r
721,e
721,q
721,u
721,m
722,a
722,h
722,c
722,k
722,l
722,g
722,q
722,r
722,u
722,m
723,a
723,h
723,b
723,f
723,c
723,k
723,l
723,j
723,e
723,r
723,g
723,q
723,u
723,m
724,a
724,h
724,b
724,f
724,c
724,j
724,e
724,k
724,l
724,r
724,g
724,q
724,m
724,u
725,p
725,s
725,h
725,c
725,b
725,f
725,k
725,l
725,j
725,r
725,g
725,q
725,u
725,e
725,m
726,a
726,h
726,b
726,f
726,j
726,c
726,n
726,i
726,e
726,t
726,r
726,g
726,q
726,u
726,m
727,a
727,h
727,c
727,f
727,b
727,j
727,k
727,e
727,l
727,r
727,g
727,q
727,u
727,m
728,a
728,h
728,c
728,k
728,l
728,g
728,r
728,q
728,m
728,u
729,a
729,h
729,c
729,k
729,l
729,r
729,g
729,q
729,u
729,m
730,a
730,h
730,f
730,c
730,b
730,k
730,j
730,e
730,l
730,g
730,r
730,q
730,u
730,m
731,a
731,h
731,b
731,f
731,j
731,c
731,k
731,e
731,l
731,r
731,g
731,q
731,u
731,m
732,a
732,h
732,c
732,k
732,l
732,r
732,g
732,q
732,m
732,u
733,a
733,h
733,f
733,b
733,c
733,j
733,e
733,k
733,l
733,r
733,g
733,q
733,u
733,m
734,p
734,s
734,h
734,c
734,k
734,l
734,r
734,g
734,q
734,u
734,m
735,a
735,h
735,c
735,f
735,b
735,k
735,j
735,l
735,g
735,e
735,r
735,q
735,m
735,u
736,a
736,h
736,b
736,f
736,c
736,k
736,l
736,j
736,d
736,g
736,e
736,q
736,u
736,m
737,a
737,h
737,c
737,b
737,i
737,f
737,t
737,n
737,j
737,g
737,e
737,r
737,q
737,u
737,m
738,a
738,h
738,c
738,k
738,l
738,g
738,r
738,q
738,u
738,m
739,a
739,h
739,c
739,n
739,i
739,t
739,g
739,r
739,q
739,u
739,m
740,a
740,h
740,c
740,k
740,l
740,g
740,r
740,q
740,m
740,u
741,a
741,h
741,f
741,c
741,b
741,k
741,j
741,l
741,e
741,r
741,g
741,q
741,u
741,m
742,a
742,h
742,f
742,c
742,b
742,k
742,l
742,g
742,r
742,j
742,e
742,q
742,u
742,m
743,a
743,h
743,c
743,k
743,l
743,g
743,r
743,q
743,m
743,u
744,a
744,h
744,f
744,b
744,c
744,j
744,k
744,l
744,r
744,g
744,q
744,u
744,m
745,a
745,h
745,f
745,c
745,k
745,l
745,b
745,g
745,r
745,j
745,e
745,q
745,m
745,u
746,p
746,s
746,h
746,f
746,b
746,c
746,j
746,k
746,l
746,e
746,g
746,r
746,q
746,m
746,u
747,a
747,h
747,c
747,b
747,j
747,f
747,k
747,e
747,l
747,r
747,g
747,q
747,m
747,u
748,a
748,h
748,f
748,b
748,j
748,c
748,e
748,k
748,l
748,g
748,r
748,q
748,m
748,u
749,a
749,h
749,f
749,c
749,k
749,l
749,r
749,b
749,g
749,j
749,e
749,q
749,m
749,u
750,a
750,h
750,b
750,f
750,j
750,e
751,a
751,h
751,f
751,b
751,c
751,k
751,l
751,j
751,g
751,r
751,e
751,q
751,m
751,u
752,a
752,h
752,b
752,f
752,j
752,e
753,a
753,h
753,c
753,b
753,j
753,f
753,k
753,l
753,e
753,g
753,r
753,q
753,m
753,u
754,a
754,h
754,c
754,k
754,l
754,r
754,g
754,q
754,u
754,m
755,a
755,h
755,b
755,c
755,f
755,j
755,e
755,l
755,r
755,g
755,q
755,u
755,m
756,a
756,h
756,b
756,f
756,j
756,e
757,a
757,h
757,c
757,b
757,f
757,k
757,j
757,e
757,l
757,r
757,g
757,q
757,u
757,m
758,a
758,h
758,f
758,b
758,j
758,e
759,a
759,h
759,f
759,c
759,b
759,j
759,k
759,l
759,e
759,r
759,g
759,q
759,u
759,m
760,a
760,h
760,f
760,b
760,j
760,e
761,a
761,h
761,c
761,k
761,l
761,g
761,r
761,q
761,u
761,m
762,a
762,h
762,c
762,f
762,b
762,k
762,l
762,j
762,g
762,r
762,q
762,m
762,u
763,a
763,h
763,c
763,b
763,j
763,k
763,f
763,e
763,l
763,r
763,g
763,q
763,u
763,m
764,a
764,h
764,c
764,k
764,l
764,g
764,q
764,m
764,r
764,u
765,a
765,h
765,b
765,j
765,f
765,c
765,k
765,l
765,e
765,g
765,r
765,q
765,m
765,u
766,a
766,h
766,f
766,c
766,k
766,b
766,l
766,j
766,g
766,e
766,r
766,q
766,m
766,u
767,a
767,h
767,f
767,b
767,j
767,e
768,a
768,h
768,b
768,f
768,j
768,e
769,a
769,h
769,c
769,k
769,f
769,l
769,r
769,g
769,q
769,m
769,u
769,b
769,j
769,e
770,a
770,h
770,c
770,k
770,l
770,d
770,g
770,q
770,u
770,m
771,a
771,h
771,c
771,k
771,l
771,g
771,r
771,q
771,m
771,u
772,a
772,h
772,c
772,k
772,l
772,g
772,r
772,q
772,u
772,m
773,a
773,h
773,f
773,b
773,j
773,e
774,a
774,h
774,c
774,k
774,l
774,g
774,r
774,q
774,m
774,u
775,a
775,h
775,b
775,f
775,j
775,e
776,a
776,h
776,c
776,k
776,l
776,r
776,g
776,q
776,u
776,m
777,a
777,h
777,f
777,c
777,k
777,b
777,j
777,e
777,l
777,r
777,g
777,q
777,u
777,m
778,a
778,h
778,b
778,f
778,j
778,e
779,a
779,h
779,b
779,j
779,c
779,f
779,k
779,e
779,l
779,r
779,g
779,q
779,m
779,u
780,p
780,s
780,h
780,b
780,f
780,j
780,e
781,a
781,h
781,f
781,c
781,b
781,k
781,j
781,e
781,l
781,g
781,q
781,r
781,m
781,u
782,a
782,h
782,f
782,b
782,j
782,e
783,a
783,h
783,b
783,f
783,j
783,e
784,a
784,h
784,f
784,c
784,b
784,k
784,j
784,l
784,r
784,e
784,g
784,q
784,m
784,u
785,a
785,h
785,c
785,l
785,g
785,r
785,q
785,m
785,u
786,a
786,h
786,c
786,k
786,l
786,g
786,r
786,q
786,u
786,m
787,a
787,h
787,f
787,b
787,j
787,e
788,a
788,h
788,c
788,k
788,l
788,r
788,g
788,q
788,u
788,m
789,a
789,h
789,f
789,b
789,j
789,e
790,p
790,s
790,h
790,c
790,f
790,b
790,j
790,k
790,e
790,l
790,g
790,r
790,q
790,m
790,u
791,a
791,h
791,f
791,c
791,b
791,j
791,e
791,k
791,l
791,g
791,r
791,q
791,m
791,u
792,a
792,h
792,b
792,c
792,j
792,f
792,e
792,k
792,l
792,g
792,r
792,q
792,m
792,u
793,a
793,h
793,f
793,c
793,b
793,j
793,k
793,e
793,l
793,g
793,d
793,q
793,u
793,m
794,a
794,h
794,f
794,b
794,j
794,e
795,a
795,h
795,f
795,b
795,j
795,e
796,a
796,h
796,f
796,b
796,j
796,e
797,a
797,h
797,c
797,k
797,l
797,b
797,d
797,f
797,j
797,g
797,q
797,e
797,u
797,m
798,a
798,h
798,c
798,k
798,l
798,d
798,g
798,q
798,u
798,m
799,a
799,h
799,f
799,b
799,j
799,e
800,a
800,h
800,b
800,f
800,j
800,e
801,a
801,h
801,c
801,k
801,l
801,g
801,q
801,r
801,m
801,u
802,a
802,h
802,b
802,j
802,f
802,e
803,a
803,h
803,c
803,l
803,r
803,g
803,q
803,m
803,u
804,a
804,h
804,c
804,f
804,b
804,k
804,j
804,l
804,g
804,e
804,r
804,q
804,u
804,m
805,a
805,h
805,b
805,f
805,c
805,j
805,k
805,e
805,l
805,r
805,g
805,q
805,u
805,m
806,a
806,h
806,b
806,j
806,f
806,e
806,c
806,k
806,l
806,r
806,g
806,q
806,m
806,u
807,a
807,h
807,c
807,k
807,l
807,g
807,q
807,m
807,r
807,u
808,a
808,h
808,c
808,b
808,j
808,f
808,k
808,l
808,g
808,d
808,e
808,q
808,u
808,m
809,a
809,h
809,b
809,j
809,f
809,c
809,k
809,l
809,r
809,g
809,q
809,m
809,u
810,a
810,h
810,f
810,b
810,j
810,e
811,a
811,h
811,c
811,n
811,i
811,t
811,g
811,r
811,q
811,u
811,m
812,a
812,h
812,b
812,c
812,f
812,k
812,j
812,l
812,r
812,g
812,e
812,q
812,m
812,u
813,a
813,h
813,b
813,j
813,f
813,e
813,c
813,k
813,l
813,r
813,g
813,q
813,m
813,u
814,p
814,s
814,h
814,c
814,b
814,f
814,j
814,l
814,e
814,g
814,q
814,r
814,u
814,m
815,a
815,h
815,c
815,b
815,f
815,j
815,k
815,l
815,r
815,e
815,g
815,q
815,m
815,u
816,p
816,s
816,h
816,b
816,f
816,j
816,e
817,a
817,h
817,b
817,f
817,j
817,e
818,a
818,h
818,f
818,b
818,j
818,e
819,a
819,h
819,c
819,k
819,l
819,g
819,q
819,r
819,u
819,m
820,a
820,h
820,c
820,k
820,l
820,r
820,g
820,q
820,m
820,u
821,a
821,h
821,c
821,l
821,r
821,g
821,q
821,m
821,u
822,a
822,h
822,b
822,j
822,f
822,c
822,k
822,l
822,d
822,g
822,q
822,m
822,u
823,p
823,s
823,h
823,b
823,f
823,j
823,e
824,a
824,h
824,c
824,k
824,f
824,b
824,l
824,d
824,g
824,j
824,e
824,q
824,u
824,m
825,a
825,h
825,c
825,k
825,l
825,r
825,g
825,q
825,m
825,u
826,a
826,h
826,f
826,c
826,n
826,i
826,t
826,b
826,r
826,g
826,j
826,e
826,q
826,u
826,m
827,a
827,h
827,c
827,k
827,f
827,l
827,b
827,r
827,j
827,g
827,e
827,q
827,m
827,u
828,a
828,h
828,f
828,b
828,j
828,e
829,a
829,h
829,c
829,k
829,l
829,r
829,g
829,q
829,u
829,m
830,a
830,h
830,c
830,k
830,l
830,r
830,g
830,q
830,m
830,u
831,a
831,h
831,b
831,c
831,j
831,f
831,k
831,e
831,l
831,g
831,r
831,q
831,m
831,u
832,a
832,h
832,c
832,k
832,l
832,r
832,g
832,q
832,u
832,m
833,a
833,h
833,c
833,k
833,l
833,g
833,r
833,q
833,u
833,m
834,a
834,h
834,c
834,k
834,l
834,g
834,q
834,r
834,u
834,m
835,a
835,h
835,b
835,f
835,j
835,e
836,a
836,h
836,c
836,n
836,i
836,t
836,g
836,r
836,q
836,u
836,m
837,a
837,h
837,f
837,b
837,j
837,c
837,k
837,e
837,l
837,g
837,q
837,u
837,r
837,m
838,a
838,h
838,c
838,k
838,l
838,g
838,q
838,r
838,u
838,m
839,a
839,h
839,c
839,b
839,f
839,k
839,j
839,e
839,l
839,g
839,r
839,q
839,m
839,u
840,a
840,h
840,c
840,n
840,i
840,t
840,r
840,g
840,q
840,u
840,m
841,a
841,h
841,b
841,c
841,j
841,f
841,e
841,l
841,r
841,g
841,q
841,m
841,u
842,a
842,h
842,c
842,k
842,l
842,g
842,r
842,q
842,u
842,m
843,a
843,h
843,c
843,k
843,l
843,g
843,r
843,q
843,m
843,u
844,a
844,h
844,b
844,f
844,c
844,j
844,k
844,e
844,l
844,g
844,r
844,q
844,u
844,m
845,a
845,h
845,f
845,b
845,c
845,k
845,j
845,l
845,e
845,r
845,g
845,q
845,u
845,m
846,a
846,h
846,b
846,f
846,j
846,c
846,e
846,k
846,l
846,r
846,g
846,q
846,u
846,m
847,a
847,h
847,b
847,c
847,k
847,l
847,f
847,j
847,r
847,g
847,q
847,e
847,u
847,m
848,p
848,s
848,h
848,c
848,k
848,l
848,g
848,d
848,q
848,m
848,u
849,a
849,h
849,f
849,b
849,j
849,e
850,a
850,h
850,c
850,b
850,j
850,k
850,f
850,l
850,e
850,r
850,g
850,q
850,m
850,u
851,a
851,h
851,c
851,k
851,l
851,f
851,b
851,r
851,j
851,g
851,e
851,q
851,u
851,m
852,p
852,s
852,h
852,c
852,i
852,n
852,t
852,g
852,r
852,q
852,u
852,m
853,a
853,h
853,f
853,b
853,j
853,e
853,c
853,k
853,l
853,r
853,g
853,q
853,u
853,m
854,a
854,h
854,c
854,k
854,l
854,g
854,q
854,r
854,m
854,u
855,a
855,h
855,c
855,b
855,f
855,k
855,j
855,l
855,e
855,r
855,g
855,q
855,m
855,u
856,a
856,h
856,f
856,b
856,c
856,k
856,l
856,r
856,g
856,j
856,e
856,q
856,m
856,u
857,a
857,h
857,c
857,k
857,l
857,g
857,q
857,m
857,r
857,u
858,a
858,h
858,f
858,c
858,i
858,b
858,t
858,n
858,j
858,e
858,g
858,q
858,u
858,r
858,m
859,a
859,h
859,c
859,k
859,b
859,f
859,j
859,l
859,g
859,r
859,q
859,u
859,e
859,m
860,a
860,h
860,b
860,j
860,f
861,p
861,s
861,h
861,f
861,b
861,j
861,e
862,a
862,h
862,f
862,b
862,c
862,j
862,k
862,e
862,l
862,r
862,g
862,q
862,u
862,m
863,a
863,h
863,b
863,f
863,j
864,a
864,h
864,c
864,k
864,l
864,r
864,g
864,q
864,m
864,u
865,a
865,h
865,c
865,k
865,l
865,g
865,r
865,q
865,u
865,m
866,a
866,h
866,b
866,f
866,j
866,e
867,a
867,h
867,f
867,b
867,j
867,e
868,a
868,h
868,c
868,k
868,l
868,r
868,g
868,q
868,m
868,u
869,a
869,h
869,f
869,b
869,c
869,j
869,e
869,k
869,l
869,r
869,g
869,q
869,m
869,u
870,a
870,h
870,f
870,b
870,j
870,e
871,a
871,h
871,c
871,b
871,f
871,k
871,l
871,d
871,g
871,j
871,q
871,m
871,u
872,a
872,h
872,b
872,f
872,c
872,j
872,e
872,k
872,l
872,r
872,g
872,q
872,u
872,m
873,a
873,h
873,c
873,k
873,l
873,g
873,r
873,q
873,u
873,m
874,a
874,h
874,b
874,c
874,f
874,j
874,k
874,e
874,l
874,g
874,r
874,q
874,u
874,m
875,a
875,h
875,c
875,k
875,l
875,g
875,r
875,q
875,u
875,m
876,a
876,h
876,c
876,b
876,f
876,j
876,e
876,k
876,l
876,g
876,r
876,q
876,m
876,u
877,a
877,h
877,f
877,b
877,j
877,e
878,a
878,h
878,b
878,f
878,j
878,e
879,a
879,h
879,c
879,k
879,l
879,g
879,q
879,u
879,r
879,m
880,a
880,h
880,c
880,n
880,i
880,t
880,g
880,r
880,q
880,m
880,u
881,a
881,h
881,c
881,k
881,l
881,g
881,q
881,u
881,r
881,m
882,a
882,h
882,c
882,k
882,l
882,r
882,g
882,q
882,m
882,u
883,a
883,h
883,f
883,c
883,b
883,j
883,k
883,e
883,l
883,g
883,r
883,q
883,u
883,m
884,a
884,h
884,b
884,f
884,c
884,j
884,k
884,l
884,e
884,g
884,q
884,u
884,r
884,m
885,p
885,s
885,h
885,b
885,f
885,j
885,e
886,a
886,h
886,c
886,k
886,l
886,g
886,r
886,q
886,m
886,u
887,p
887,s
887,h
887,f
887,c
887,b
887,j
887,e
887,k
887,l
887,r
887,g
887,q
887,m
887,u
888,a
888,h
888,f
888,c
888,k
888,b
888,l
888,r
888,g
888,j
888,q
888,m
888,e
888,u
889,a
889,h
889,c
889,k
889,b
889,f
889,l
889,r
889,j
889,g
889,e
889,q
889,u
889,m
890,p
890,s
890,h
890,b
890,j
890,f
890,e
890,c
890,l
890,g
890,q
890,r
890,u
890,m
891,a
891,h
891,c
891,b
891,f
891,j
891,l
891,g
891,r
891,e
891,q
891,u
891,m
892,a
892,h
892,c
892,k
892,l
892,g
892,q
892,r
892,u
892,m
893,a
893,h
893,b
893,c
893,f
893,j
893,e
893,i
893,n
893,t
893,r
893,g
893,q
893,u
893,m
894,a
894,h
894,f
894,b
894,j
894,e
895,a
895,h
895,b
895,j
895,f
895,e
896,a
896,h
896,b
896,f
896,j
896,c
896,k
896,e
896,l
896,g
896,r
896,q
896,u
896,m
897,a
897,h
897,c
897,n
897,i
897,o
897,r
897,g
897,q
897,u
897,m
898,a
898,h
898,c
898,k
898,l
898,r
898,g
898,q
898,m
898,u
899,a
899,h
899,c
899,k
899,l
899,r
899,g
899,q
899,u
899,m
900,a
900,h
900,c
900,k
900,l
900,r
900,g
900,q
900,u
900,m
901,a
901,h
901,b
901,c
901,k
901,f
901,j
901,l
901,g
901,r
901,e
901,q
901,u
901,m
902,a
902,h
902,b
902,j
902,f
902,e
903,a
903,h
903,f
903,b
903,j
903,e
904,a
904,h
904,c
904,k
904,l
904,g
904,r
904,q
904,m
904,u
905,a
905,h
905,b
905,f
905,c
905,j
905,e
905,k
905,l
905,r
905,g
905,q
905,m
905,u
906,a
906,h
906,c
906,b
906,f
906,j
906,k
906,e
906,l
906,r
906,g
906,q
906,u
906,m
907,a
907,h
907,b
907,f
907,j
907,e
908,a
908,h
908,f
908,c
908,b
908,j
908,k
908,e
908,l
908,g
908,r
908,q
908,u
908,m
909,p
909,s
909,h
909,b
909,c
909,f
909,k
909,j
909,l
909,e
909,g
909,q
909,r
909,u
909,m
910,p
910,s
910,h
910,c
910,k
910,b
910,f
910,l
910,g
910,j
910,r
910,e
910,q
910,m
910,u
911,a
911,h
911,b
911,f
911,j
911,c
911,e
911,k
911,l
911,r
911,g
911,q
911,u
911,m
912,a
912,h
912,b
912,f
912,j
912,e
913,a
913,h
913,b
913,j
913,f
914,a
914,h
914,c
914,k
914,l
914,r
914,g
914,q
914,u
914,m
915,a
915,h
915,b
915,f
915,j
915,c
915,e
915,k
915,l
915,g
915,r
915,q
915,u
915,m
916,a
916,h
916,c
916,k
916,l
916,r
916,g
916,q
916,u
916,m
917,a
917,h
917,f
917,b
917,j
917,e
918,a
918,h
918,b
918,f
918,c
918,j
918,k
918,l
918,e
918,g
918,r
918,q
918,m
918,u
919,a
919,h
919,c
919,k
919,l
919,g
919,r
919,q
919,m
919,u
920,a
920,h
920,c
920,b
920,f
920,k
920,j
920,l
920,g
920,r
920,e
920,q
920,u
920,m
921,a
921,h
921,c
921,f
921,b
921,j
921,k
921,l
921,e
921,g
921,r
921,q
921,m
921,u
922,p
922,s
922,h
922,b
922,f
922,c
922,k
922,j
922,e
922,l
922,r
922,g
922,q
922,m
922,u
923,a
923,h
923,f
923,b
923,c
923,j
923,e
923,k
923,l
923,r
923,g
923,q
923,u
923,m
924,p
924,s
924,h
924,c
924,k
924,l
924,g
924,d
924,q
924,u
924,m
925,a
925,h
925,f
925,b
925,j
925,e
926,p
926,s
926,h
926,f
926,b
926,j
926,e
927,a
927,h
927,b
927,f
927,c
927,k
927,j
927,l
927,g
927,r
927,q
927,u
927,m
928,p
928,s
928,h
928,c
928,k
928,l
928,r
928,g
928,q
928,u
928,m
929,a
929,h
929,c
929,k
929,l
929,g
929,q
929,r
929,m
929,u
930,a
930,h
930,f
930,b
930,j
930,e
931,a
931,h
931,b
931,f
931,j
931,e
932,a
932,h
932,c
932,b
932,k
932,l
932,j
932,f
932,g
932,r
932,e
932,q
932,m
932,u
933,a
933,h
933,b
933,f
933,j
933,e
934,a
934,h
934,f
934,b
934,j
934,e
935,a
935,h
935,f
935,c
935,i
935,b
935,j
935,t
935,n
935,r
935,e
935,g
935,q
935,u
935,m
936,a
936,h
936,c
936,k
936,l
936,r
936,g
936,q
936,u
936,m
937,a
937,h
937,b
937,f
937,j
937,e
938,a
938,h
938,c
938,k
938,l
938,b
938,d
938,f
938,j
938,g
938,q
938,u
938,m
939,a
939,h
939,c
939,k
939,l
939,g
939,r
939,q
939,m
939,u
940,a
940,h
940,f
940,c
940,k
940,b
940,j
940,e
940,l
940,g
940,r
940,q
940,u
940,m
941,a
941,h
941,c
941,k
941,l
941,g
941,r
941,q
941,m
941,u
942,a
942,h
942,f
942,b
942,j
942,e
943,a
943,h
943,f
943,b
943,j
943,e
944,a
944,h
944,c
944,b
944,j
944,f
944,e
944,k
944,l
944,r
944,g
944,q
944,m
944,u
945,a
945,h
945,b
945,j
945,f
945,e
945,c
945,k
945,l
945,r
945,g
945,q
945,u
945,m
946,a
946,h
946,f
946,c
946,b
946,i
946,n
946,j
946,e
946,r
946,g
946,q
946,u
946,m
947,a
947,h
947,c
947,k
947,l
947,r
947,g
947,q
947,m
947,u
948,a
948,h
948,c
948,k
948,l
948,r
948,g
948,q
948,m
948,u
949,a
949,h
949,b
949,c
949,f
949,j
949,k
949,l
949,e
949,r
949,g
949,q
949,u
949,m
950,a
950,h
950,f
950,c
950,b
950,k
950,j
950,l
950,r
950,g
950,q
950,e
950,m
950,u
951,a
951,h
951,f
951,b
951,j
951,c
951,n
951,e
951,i
951,t
951,g
951,r
951,q
951,m
951,u
952,a
952,h
952,f
952,b
952,j
952,e
953,a
953,h
953,b
953,f
953,c
953,k
953,j
953,e
953,l
953,r
953,g
953,q
953,m
953,u
954,a
954,h
954,f
954,c
954,b
954,k
954,j
954,l
954,r
954,g
954,q
954,m
954,u
955,a
955,h
955,c
955,k
955,l
955,r
955,g
955,q
955,m
955,u
956,a
956,h
956,f
956,b
956,c
956,j
956,n
956,i
956,e
956,t
956,g
956,r
956,q
956,m
956,u
957,a
957,h
957,b
957,c
957,f
957,j
957,k
957,e
957,l
957,r
957,g
957,q
957,m
957,u
958,a
958,h
958,c
958,f
958,b
958,k
958,l
958,j
958,d
958,g
958,q
958,u
958,e
958,m
959,a
959,h
959,b
959,f
959,c
959,k
959,j
959,e
959,l
959,g
959,r
959,q
959,u
959,m
960,a
960,h
960,f
960,b
960,c
960,j
960,e
960,k
960,l
960,g
960,r
960,q
960,u
960,m
961,a
961,h
961,c
961,k
961,b
961,j
961,f
961,e
961,l
961,g
961,r
961,q
961,m
961,u
962,a
962,h
962,b
962,f
962,j
962,c
962,k
962,e
962,l
962,r
962,g
962,q
962,m
962,u
963,a
963,h
963,f
963,c
963,k
963,b
963,j
963,l
963,r
963,g
963,e
963,q
963,m
963,u
964,a
964,h
964,c
964,k
964,l
964,d
964,g
964,q
964,m
964,u
965,a
965,h
965,c
965,k
965,l
965,g
965,q
965,r
965,m
965,u
966,a
966,h
966,f
966,c
966,b
966,j
966,k
966,e
966,l
966,d
966,g
966,q
966,u
966,m
967,a
967,h
967,c
967,k
967,l
967,g
967,q
967,r
967,m
967,u
968,a
968,h
968,c
968,k
968,l
968,g
968,r
968,q
968,u
968,m
969,a
969,h
969,f
969,b
969,c
969,j
969,e
969,l
969,r
969,g
969,q
969,m
969,u
970,a
970,h
970,c
970,f
970,b
970,j
970,e
970,l
970,r
970,g
970,q
970,m
970,u
971,p
971,s
971,h
971,b
971,j
971,f
971,e
972,a
972,h
972,f
972,b
972,j
972,e
973,a
973,h
973,b
973,j
973,c
973,f
973,k
973,e
973,l
973,r
973,g
973,q
973,m
973,u
974,a
974,h
974,f
974,b
974,j
974,e
975,a
975,h
975,c
975,k
975,l
975,g
975,d
975,q
975,m
975,u
976,a
976,h
976,c
976,k
976,l
976,r
976,g
976,q
976,u
976,m
977,p
977,s
977,h
977,c
977,k
977,l
977,g
977,q
977,u
977,r
977,m
978,a
978,h
978,c
978,k
978,l
978,r
978,g
978,q
978,u
978,m
979,a
979,h
979,c
979,b
979,k
979,j
979,f
979,e
979,l
979,g
979,r
979,q
979,u
979,m
980,a
980,h
980,c
980,l
980,g
980,r
980,q
980,m
980,u
981,a
981,h
981,b
981,c
981,f
981,j
981,k
981,e
981,l
981,g
981,q
981,m
981,r
981,u
982,p
982,s
982,h
982,f
982,b
982,j
982,e
983,a
983,h
983,f
983,b
983,c
983,j
983,e
983,k
983,l
983,r
983,g
983,q
983,u
983,m
984,a
984,h
984,b
984,f
984,j
984,e
985,a
985,h
985,f
985,b
985,j
985,e
986,a
986,h
986,c
986,i
986,n
986,b
986,f
986,j
986,t
986,r
986,e
986,g
986,q
986,u
986,m
987,a
987,h
987,c
987,k
987,l
987,r
987,g
987,q
987,m
987,u
988,a
988,h
988,b
988,c
988,j
988,f
988,e
988,k
988,l
988,g
988,q
988,r
988,m
988,u
989,a
989,h
989,c
989,k
989,l
989,g
989,r
989,q
989,u
989,m
990,a
990,h
990,b
990,f
990,j
990,e
991,p
991,s
991,h
991,c
991,b
991,j
991,f
991,k
991,l
991,e
991,r
991,g
991,q
991,m
991,u
992,a
992,h
992,b
992,f
992,c
992,j
992,k
992,e
992,l
992,g
992,q
992,d
992,m
992,u
993,a
993,h
993,f
993,c
993,b
993,j
993,k
993,l
993,g
993,r
993,q
993,m
993,u
994,a
994,h
994,c
994,k
994,l
994,d
994,g
994,q
994,u
994,m
995,a
995,h
995,b
995,f
995,j
995,e
996,a
996,h
996,c
996,k
996,l
996,r
996,g
996,q
996,u
996,m
997,a
997,h
997,b
997,f
997,j
997,e
998,a
998,h
998,c
998,l
998,r
998,g
998,q
998,m
998,u
999,a
999,h
999,c
999,k
999,l
999,g
999,r
999,q
999,m
999,u
1000,a
1000,h
1000,c
1000,f
1000,b
1000,k
1000,j
1000,e
1000,l
1000,r
1000,g
1000,q
1000,u
1000,m
